Price,symbol,open,high,low,close,volume
Ticker,RIVN,RIVN,RIVN,RIVN,RIVN,RIVN
date,,,,,,
2021-11-10,RIVN,100.7300033569336,100.7300033569336,119.45999908447266,95.19999694824219,103679500
2021-11-11,RIVN,122.98999786376953,122.98999786376953,125.0,108.01000213623047,83668200
2021-11-12,RIVN,129.9499969482422,129.9499969482422,135.1999969482422,125.25,50636800
2021-11-15,RIVN,149.36000061035156,149.36000061035156,152.52999877929688,127.51000213623047,64982300
2021-11-16,RIVN,172.00999450683594,172.00999450683594,179.47000122070312,153.77999877929688,94036600
2021-11-17,RIVN,146.07000732421875,146.07000732421875,163.0,140.35000610351562,71765600
2021-11-18,RIVN,123.37999725341797,123.37999725341797,138.77999877929688,120.1500015258789,63603600
2021-11-19,RIVN,128.60000610351562,128.60000610351562,139.89999389648438,125.5999984741211,49479400
2021-11-22,RIVN,118.11000061035156,118.11000061035156,124.93000030517578,106.91000366210938,40993900
2021-11-23,RIVN,119.8499984741211,119.8499984741211,124.0,113.0,24967900
2021-11-24,RIVN,114.8499984741211,114.8499984741211,120.0,113.44999694824219,11539200
2021-11-26,RIVN,112.12999725341797,112.12999725341797,114.5,106.13999938964844,9871200
2021-11-29,RIVN,119.7699966430664,119.7699966430664,122.25,113.5999984741211,13923900
2021-11-30,RIVN,119.76000213623047,119.76000213623047,121.48999786376953,114.0999984741211,20204900
2021-12-01,RIVN,115.69000244140625,115.69000244140625,126.75,113.0999984741211,13289700
2021-12-02,RIVN,110.7699966430664,110.7699966430664,118.44999694824219,107.75,10835500
2021-12-03,RIVN,104.66999816894531,104.66999816894531,111.87000274658203,100.0,13819200
2021-12-06,RIVN,116.77999877929688,116.77999877929688,117.4800033569336,100.31999969482422,19725400
2021-12-07,RIVN,116.18000030517578,116.18000030517578,120.20999908447266,112.4000015258789,12173300
2021-12-08,RIVN,122.12000274658203,122.12000274658203,123.4000015258789,112.81999969482422,12816000
2021-12-09,RIVN,115.4000015258789,115.4000015258789,121.31999969482422,114.4000015258789,8474800
2021-12-10,RIVN,114.66000366210938,114.66000366210938,118.01000213623047,110.8010025024414,8387500
2021-12-13,RIVN,118.9000015258789,118.9000015258789,121.63999938964844,113.94999694824219,14737500
2021-12-14,RIVN,117.13999938964844,117.13999938964844,117.9000015258789,112.70999908447266,8057700
2021-12-15,RIVN,115.0,115.0,116.73899841308594,109.20999908447266,10828600
2021-12-16,RIVN,108.87000274658203,108.87000274658203,117.0,107.05999755859375,13627600
2021-12-17,RIVN,97.69999694824219,97.69999694824219,100.5999984741211,92.62000274658203,44475000
2021-12-20,RIVN,89.9800033569336,89.9800033569336,96.4000015258789,88.4000015258789,16072700
2021-12-21,RIVN,96.81999969482422,96.81999969482422,98.41999816894531,92.05000305175781,12915100
2021-12-22,RIVN,96.33999633789062,96.33999633789062,98.9000015258789,93.39199829101562,8644100
2021-12-23,RIVN,96.83999633789062,96.83999633789062,97.8219985961914,93.81400299072266,5670100
2021-12-27,RIVN,107.08999633789062,107.08999633789062,107.48999786376953,96.80000305175781,15497000
2021-12-28,RIVN,102.87000274658203,102.87000274658203,106.0,101.0,8821300
2021-12-29,RIVN,99.33999633789062,99.33999633789062,102.58000183105469,96.62000274658203,8754900
2021-12-30,RIVN,103.41999816894531,103.41999816894531,105.29000091552734,98.66000366210938,10874700
2021-12-31,RIVN,103.69000244140625,103.69000244140625,106.12000274658203,102.27999877929688,5814900
2022-01-03,RIVN,102.72000122070312,102.72000122070312,106.55000305175781,100.25,8346800
2022-01-04,RIVN,101.38999938964844,101.38999938964844,106.80000305175781,99.01399993896484,12152200
2022-01-05,RIVN,90.01000213623047,90.01000213623047,99.21499633789062,89.27999877929688,18645100
2022-01-06,RIVN,87.33000183105469,87.33000183105469,92.02999877929688,75.12999725341797,39827100
2022-01-07,RIVN,86.27999877929688,86.27999877929688,89.2699966430664,81.62100219726562,17515900
2022-01-10,RIVN,81.44000244140625,81.44000244140625,83.75,77.6500015258789,17289800
2022-01-11,RIVN,83.55000305175781,83.55000305175781,86.58000183105469,78.12000274658203,19970600
2022-01-12,RIVN,86.4800033569336,86.4800033569336,88.06999969482422,82.62999725341797,14422800
2022-01-13,RIVN,80.30999755859375,80.30999755859375,86.94000244140625,79.88999938964844,13677500
2022-01-14,RIVN,79.94999694824219,79.94999694824219,81.69000244140625,77.01000213623047,15838000
2022-01-18,RIVN,73.16000366210938,73.16000366210938,77.83999633789062,72.8550033569336,16803700
2022-01-19,RIVN,69.4000015258789,69.4000015258789,76.31999969482422,68.94999694824219,15068400
2022-01-20,RIVN,65.0199966430664,65.0199966430664,72.08000183105469,64.80999755859375,18642700
2022-01-21,RIVN,64.51000213623047,64.51000213623047,67.16000366210938,60.5099983215332,19344700
2022-01-24,RIVN,63.900001525878906,63.900001525878906,64.30000305175781,55.099998474121094,24115900
2022-01-25,RIVN,59.61000061035156,59.61000061035156,61.93000030517578,58.0,16557200
2022-01-26,RIVN,60.27000045776367,60.27000045776367,68.06999969482422,59.0099983215332,23694100
2022-01-27,RIVN,53.939998626708984,53.939998626708984,61.70000076293945,53.33100128173828,23416400
2022-01-28,RIVN,57.119998931884766,57.119998931884766,57.29999923706055,50.0,23965100
2022-01-31,RIVN,65.73999786376953,65.73999786376953,65.93000030517578,57.91999816894531,18684900
2022-02-01,RIVN,69.62000274658203,69.62000274658203,71.45999908447266,62.349998474121094,24476500
2022-02-02,RIVN,64.31999969482422,64.31999969482422,69.9000015258789,63.54999923706055,15610300
2022-02-03,RIVN,60.36000061035156,60.36000061035156,63.91899871826172,59.0,19776300
2022-02-04,RIVN,60.869998931884766,60.869998931884766,62.779998779296875,59.11000061035156,14588500
2022-02-07,RIVN,58.36000061035156,58.36000061035156,63.83000183105469,57.52000045776367,14782000
2022-02-08,RIVN,60.95000076293945,60.95000076293945,61.540000915527344,56.439998626708984,12079200
2022-02-09,RIVN,64.52999877929688,64.52999877929688,65.12000274658203,60.75,13343700
2022-02-10,RIVN,64.72000122070312,64.72000122070312,68.9800033569336,60.65999984741211,17665400
2022-02-11,RIVN,58.849998474121094,58.849998474121094,66.4000015258789,57.70000076293945,15293400
2022-02-14,RIVN,62.650001525878906,62.650001525878906,66.4000015258789,59.900001525878906,26874500
2022-02-15,RIVN,66.29000091552734,66.29000091552734,67.18000030517578,63.880001068115234,16267400
2022-02-16,RIVN,66.25,66.25,66.43000030517578,63.34000015258789,12768300
2022-02-17,RIVN,64.73999786376953,64.73999786376953,71.5,64.12999725341797,22387700
2022-02-18,RIVN,66.37000274658203,66.37000274658203,66.9000015258789,63.0099983215332,14965900
2022-02-22,RIVN,62.38999938964844,62.38999938964844,69.0999984741211,59.7599983215332,22737000
2022-02-23,RIVN,57.529998779296875,57.529998779296875,63.5,57.04999923706055,22637000
2022-02-24,RIVN,63.709999084472656,63.709999084472656,64.43000030517578,53.5,24082200
2022-02-25,RIVN,63.43000030517578,63.43000030517578,63.9900016784668,60.810001373291016,13455200
2022-02-28,RIVN,67.55999755859375,67.55999755859375,68.1500015258789,62.400001525878906,19270200
2022-03-01,RIVN,61.90999984741211,61.90999984741211,66.54000091552734,60.79999923706055,17204100
2022-03-02,RIVN,53.560001373291016,53.560001373291016,59.13999938964844,53.29999923706055,36559800
2022-03-03,RIVN,50.90999984741211,50.90999984741211,56.0,50.02000045776367,28535500
2022-03-04,RIVN,47.38999938964844,47.38999938964844,51.40999984741211,46.65999984741211,24392200
2022-03-07,RIVN,42.43000030517578,42.43000030517578,49.439998626708984,42.279998779296875,22985200
2022-03-08,RIVN,42.209999084472656,42.209999084472656,45.060001373291016,39.86000061035156,25165000
2022-03-09,RIVN,43.95000076293945,43.95000076293945,46.25,42.689998626708984,15784700
2022-03-10,RIVN,41.15999984741211,41.15999984741211,44.189998626708984,39.77000045776367,31481100
2022-03-11,RIVN,38.04999923706055,38.04999923706055,41.0,37.5,42597900
2022-03-14,RIVN,35.83000183105469,35.83000183105469,37.7400016784668,34.900001525878906,20756400
2022-03-15,RIVN,37.0,37.0,37.31999969482422,33.459999084472656,19671300
2022-03-16,RIVN,41.58000183105469,41.58000183105469,42.099998474121094,37.650001525878906,23752200
2022-03-17,RIVN,42.130001068115234,42.130001068115234,42.75,38.52000045776367,17167200
2022-03-18,RIVN,45.599998474121094,45.599998474121094,45.70000076293945,42.332000732421875,19770600
2022-03-21,RIVN,43.560001373291016,43.560001373291016,46.54999923706055,42.310001373291016,13227000
2022-03-22,RIVN,46.93000030517578,46.93000030517578,48.29999923706055,43.130001068115234,13110500
2022-03-23,RIVN,45.869998931884766,45.869998931884766,48.0,44.630001068115234,12025100
2022-03-24,RIVN,48.65999984741211,48.65999984741211,48.70000076293945,44.599998474121094,12804900
2022-03-25,RIVN,46.15999984741211,46.15999984741211,49.099998474121094,45.22999954223633,10825100
2022-03-28,RIVN,45.97999954223633,45.97999954223633,48.165000915527344,44.0,11018400
2022-03-29,RIVN,53.880001068115234,53.880001068115234,54.83000183105469,46.61000061035156,26325300
2022-03-30,RIVN,52.0099983215332,52.0099983215332,56.7599983215332,51.810001373291016,20271700
2022-03-31,RIVN,50.2400016784668,50.2400016784668,51.93000030517578,49.54999923706055,12740900
2022-04-01,RIVN,46.439998626708984,46.439998626708984,50.2599983215332,46.209999084472656,15244400
2022-04-04,RIVN,46.529998779296875,46.529998779296875,47.69499969482422,45.650001525878906,15532900
2022-04-05,RIVN,42.189998626708984,42.189998626708984,46.880001068115234,41.88999938964844,19576500
2022-04-06,RIVN,40.099998474121094,40.099998474121094,43.349998474121094,39.57099914550781,22212700
2022-04-07,RIVN,39.97999954223633,39.97999954223633,40.5,37.599998474121094,19428600
2022-04-08,RIVN,38.79999923706055,38.79999923706055,41.04100036621094,38.308998107910156,10675700
2022-04-11,RIVN,39.5,39.5,41.939998626708984,37.150001525878906,14206700
2022-04-12,RIVN,38.150001525878906,38.150001525878906,41.9900016784668,37.66999816894531,14264500
2022-04-13,RIVN,41.150001525878906,41.150001525878906,41.27000045776367,37.310001373291016,14068100
2022-04-14,RIVN,40.59000015258789,40.59000015258789,41.900001525878906,40.209999084472656,9206100
2022-04-18,RIVN,38.22999954223633,38.22999954223633,40.63999938964844,37.31999969482422,12841600
2022-04-19,RIVN,39.150001525878906,39.150001525878906,39.77000045776367,36.65999984741211,11382200
2022-04-20,RIVN,36.22999954223633,36.22999954223633,39.45000076293945,36.119998931884766,12648500
2022-04-21,RIVN,33.7599983215332,33.7599983215332,37.9900016784668,33.380001068115234,21534500
2022-04-22,RIVN,33.61000061035156,33.61000061035156,34.67399978637695,32.400001525878906,12670200
2022-04-25,RIVN,33.900001525878906,33.900001525878906,34.849998474121094,33.04999923706055,12433700
2022-04-26,RIVN,30.68000030517578,30.68000030517578,33.79999923706055,30.579999923706055,18830000
2022-04-27,RIVN,31.219999313354492,31.219999313354492,32.83000183105469,30.75,15143700
2022-04-28,RIVN,32.18000030517578,32.18000030517578,32.334999084472656,29.440000534057617,17179300
2022-04-29,RIVN,30.239999771118164,30.239999771118164,33.779998779296875,30.100000381469727,12877400
2022-05-02,RIVN,31.739999771118164,31.739999771118164,31.8799991607666,29.31999969482422,13888900
2022-05-03,RIVN,31.989999771118164,31.989999771118164,33.630001068115234,31.1200008392334,14738500
2022-05-04,RIVN,33.91999816894531,33.91999816894531,34.275001525878906,30.549999237060547,16040800
2022-05-05,RIVN,30.709999084472656,30.709999084472656,33.27000045776367,30.079999923706055,15878300
2022-05-06,RIVN,28.790000915527344,28.790000915527344,31.045000076293945,28.709999084472656,20691000
2022-05-09,RIVN,22.780000686645508,22.780000686645508,25.82900047302246,22.450000762939453,84388400
2022-05-10,RIVN,22.790000915527344,22.790000915527344,24.399999618530273,21.0,33317000
2022-05-11,RIVN,20.600000381469727,20.600000381469727,23.5,19.25,53073500
2022-05-12,RIVN,24.299999237060547,24.299999237060547,26.700000762939453,21.68000030517578,73921500
2022-05-13,RIVN,26.700000762939453,26.700000762939453,27.979999542236328,26.170000076293945,42674900
2022-05-16,RIVN,24.860000610351562,24.860000610351562,26.999000549316406,24.329999923706055,32135000
2022-05-17,RIVN,27.489999771118164,27.489999771118164,27.8700008392334,25.7189998626709,26958800
2022-05-18,RIVN,27.290000915527344,27.290000915527344,29.219999313354492,26.309999465942383,26828100
2022-05-19,RIVN,29.610000610351562,29.610000610351562,30.40999984741211,27.450000762939453,29571900
2022-05-20,RIVN,28.920000076293945,28.920000076293945,30.649999618530273,27.280000686645508,22757600
2022-05-23,RIVN,27.989999771118164,27.989999771118164,28.610000610351562,26.700000762939453,21521800
2022-05-24,RIVN,26.530000686645508,26.530000686645508,27.5,25.540000915527344,19068400
2022-05-25,RIVN,27.25,27.25,27.725000381469727,25.719999313354492,15742100
2022-05-26,RIVN,29.229999542236328,29.229999542236328,29.920000076293945,27.08099937438965,14536300
2022-05-27,RIVN,30.959999084472656,30.959999084472656,31.820999145507812,29.579999923706055,17473200
2022-05-31,RIVN,31.399999618530273,31.399999618530273,32.599998474121094,30.09000015258789,21305700
2022-06-01,RIVN,30.25,30.25,32.220001220703125,29.950000762939453,13533300
2022-06-02,RIVN,31.940000534057617,31.940000534057617,32.790000915527344,29.15999984741211,15150700
2022-06-03,RIVN,30.190000534057617,30.190000534057617,31.459999084472656,29.87700080871582,13756000
2022-06-06,RIVN,28.979999542236328,28.979999542236328,31.0,28.674999237060547,14661700
2022-06-07,RIVN,29.719999313354492,29.719999313354492,29.760000228881836,27.399999618530273,17555100
2022-06-08,RIVN,29.799999237060547,29.799999237060547,31.420000076293945,29.6299991607666,12660200
2022-06-09,RIVN,28.8700008392334,28.8700008392334,30.209999084472656,28.729999542236328,10777800
2022-06-10,RIVN,28.360000610351562,28.360000610351562,29.639999389648438,27.709999084472656,14376000
2022-06-13,RIVN,26.809999465942383,26.809999465942383,27.8700008392334,26.371000289916992,19542300
2022-06-14,RIVN,27.299999237060547,27.299999237060547,28.68000030517578,26.025999069213867,16104400
2022-06-15,RIVN,29.079999923706055,29.079999923706055,29.559999465942383,27.139999389648438,18559600
2022-06-16,RIVN,26.420000076293945,26.420000076293945,28.899999618530273,25.799999237060547,22035100
2022-06-17,RIVN,26.239999771118164,26.239999771118164,27.170000076293945,25.59000015258789,19308400
2022-06-21,RIVN,29.06999969482422,29.06999969482422,30.360000610351562,26.979999542236328,25618100
2022-06-22,RIVN,28.559999465942383,28.559999465942383,29.979999542236328,28.229999542236328,16135200
2022-06-23,RIVN,29.469999313354492,29.469999313354492,29.649999618530273,27.790000915527344,14175600
2022-06-24,RIVN,29.5,29.5,30.700000762939453,28.860000610351562,22063500
2022-06-27,RIVN,28.440000534057617,28.440000534057617,30.149999618530273,28.010000228881836,11869900
2022-06-28,RIVN,26.989999771118164,26.989999771118164,28.815000534057617,26.861000061035156,14406600
2022-06-29,RIVN,26.270000457763672,26.270000457763672,26.979999542236328,25.65999984741211,10857700
2022-06-30,RIVN,25.739999771118164,25.739999771118164,26.43000030517578,24.829999923706055,11633000
2022-07-01,RIVN,25.700000762939453,25.700000762939453,26.780000686645508,25.295000076293945,8544400
2022-07-05,RIVN,26.860000610351562,26.860000610351562,26.940000534057617,24.479999542236328,10455700
2022-07-06,RIVN,29.65999984741211,29.65999984741211,30.600000381469727,28.0,36729400
2022-07-07,RIVN,31.6299991607666,31.6299991607666,31.770000457763672,29.65999984741211,25560900
2022-07-08,RIVN,31.989999771118164,31.989999771118164,33.20000076293945,30.559999465942383,20009700
2022-07-11,RIVN,29.93000030517578,29.93000030517578,32.70000076293945,29.469999313354492,18678900
2022-07-12,RIVN,30.149999618530273,30.149999618530273,30.59000015258789,28.950000762939453,15862000
2022-07-13,RIVN,30.760000228881836,30.760000228881836,31.3700008392334,29.309999465942383,12542900
2022-07-14,RIVN,30.829999923706055,30.829999923706055,30.959999084472656,29.399999618530273,10947200
2022-07-15,RIVN,31.600000381469727,31.600000381469727,31.6299991607666,29.90999984741211,13762700
2022-07-18,RIVN,31.799999237060547,31.799999237060547,33.58000183105469,31.700000762939453,13577000
2022-07-19,RIVN,31.709999084472656,31.709999084472656,32.7400016784668,31.582000732421875,16245000
2022-07-20,RIVN,32.7400016784668,32.7400016784668,33.29999923706055,31.788000106811523,17831400
2022-07-21,RIVN,34.130001068115234,34.130001068115234,34.75,32.70000076293945,24446800
2022-07-22,RIVN,32.47999954223633,32.47999954223633,35.40999984741211,32.0,16935800
2022-07-25,RIVN,32.16999816894531,32.16999816894531,32.81999969482422,31.200000762939453,9878500
2022-07-26,RIVN,31.690000534057617,31.690000534057617,31.81999969482422,30.860000610351562,7838700
2022-07-27,RIVN,32.0099983215332,32.0099983215332,32.3650016784668,31.010000228881836,10371200
2022-07-28,RIVN,33.845001220703125,33.845001220703125,33.90999984741211,31.899999618530273,11384200
2022-07-29,RIVN,34.29999923706055,34.29999923706055,34.3650016784668,32.939998626708984,12381200
2022-08-01,RIVN,34.810001373291016,34.810001373291016,35.47999954223633,33.834999084472656,12399100
2022-08-02,RIVN,35.0099983215332,35.0099983215332,35.55500030517578,34.0,13829400
2022-08-03,RIVN,36.59000015258789,36.59000015258789,36.790000915527344,34.47999954223633,14243800
2022-08-04,RIVN,36.18000030517578,36.18000030517578,37.290000915527344,35.619998931884766,12410200
2022-08-05,RIVN,35.66999816894531,35.66999816894531,36.310001373291016,35.10499954223633,12314100
2022-08-08,RIVN,38.09000015258789,38.09000015258789,39.290000915527344,36.060001373291016,16294800
2022-08-09,RIVN,36.70000076293945,36.70000076293945,38.09000015258789,36.279998779296875,12904500
2022-08-10,RIVN,37.400001525878906,37.400001525878906,38.2599983215332,36.770999908447266,15370300
2022-08-11,RIVN,38.95000076293945,38.95000076293945,39.95000076293945,37.75,35949100
2022-08-12,RIVN,38.900001525878906,38.900001525878906,40.560001373291016,37.29999923706055,39044000
2022-08-15,RIVN,37.279998779296875,37.279998779296875,39.290000915527344,36.459999084472656,21310400
2022-08-16,RIVN,38.22999954223633,38.22999954223633,38.64500045776367,35.849998474121094,17280500
2022-08-17,RIVN,36.41999816894531,36.41999816894531,38.130001068115234,36.26499938964844,11716100
2022-08-18,RIVN,35.900001525878906,35.900001525878906,36.70000076293945,35.0099983215332,8882200
2022-08-19,RIVN,34.45000076293945,34.45000076293945,35.08000183105469,33.77000045776367,10999200
2022-08-22,RIVN,33.060001373291016,33.060001373291016,34.064998626708984,32.900001525878906,11006300
2022-08-23,RIVN,32.209999084472656,32.209999084472656,33.59000015258789,31.969999313354492,9766800
2022-08-24,RIVN,32.560001373291016,32.560001373291016,33.720001220703125,32.43000030517578,9434100
2022-08-25,RIVN,32.900001525878906,32.900001525878906,33.369998931884766,32.58100128173828,8968400
2022-08-26,RIVN,32.11000061035156,32.11000061035156,33.86000061035156,31.440000534057617,10728700
2022-08-29,RIVN,32.310001373291016,32.310001373291016,33.2599983215332,31.549999237060547,8517300
2022-08-30,RIVN,31.889999389648438,31.889999389648438,33.040000915527344,31.44499969482422,8541000
2022-08-31,RIVN,32.709999084472656,32.709999084472656,33.13999938964844,31.760000228881836,19332800
2022-09-01,RIVN,31.950000762939453,31.950000762939453,32.43000030517578,30.709999084472656,10468500
2022-09-02,RIVN,32.06999969482422,32.06999969482422,32.560001373291016,30.899999618530273,8869500
2022-09-06,RIVN,33.220001220703125,33.220001220703125,34.9900016784668,32.02000045776367,24795700
2022-09-07,RIVN,33.25,33.25,34.400001525878906,32.70000076293945,15105300
2022-09-08,RIVN,36.880001068115234,36.880001068115234,36.900001525878906,34.599998474121094,44772000
2022-09-09,RIVN,37.54999923706055,37.54999923706055,37.880001068115234,35.209999084472656,27096200
2022-09-12,RIVN,38.7400016784668,38.7400016784668,38.9900016784668,37.75,20863000
2022-09-13,RIVN,38.7599983215332,38.7599983215332,39.56999969482422,36.849998474121094,24593700
2022-09-14,RIVN,40.099998474121094,40.099998474121094,40.345001220703125,37.77399826049805,24685800
2022-09-15,RIVN,39.689998626708984,39.689998626708984,40.86000061035156,38.88999938964844,24202000
2022-09-16,RIVN,39.2599983215332,39.2599983215332,39.810001373291016,38.16999816894531,70434800
2022-09-19,RIVN,37.939998626708984,37.939998626708984,38.88999938964844,37.0099983215332,18345500
2022-09-20,RIVN,35.75,35.75,38.34000015258789,35.72999954223633,17513200
2022-09-21,RIVN,35.099998474121094,35.099998474121094,36.66999816894531,34.84000015258789,13975000
2022-09-22,RIVN,33.33000183105469,33.33000183105469,35.18000030517578,33.099998474121094,13544200
2022-09-23,RIVN,33.560001373291016,33.560001373291016,33.58300018310547,31.770000457763672,16238500
2022-09-26,RIVN,33.849998474121094,33.849998474121094,35.04999923706055,33.18000030517578,11315900
2022-09-27,RIVN,33.790000915527344,33.790000915527344,35.16999816894531,33.18000030517578,11482000
2022-09-28,RIVN,35.08000183105469,35.08000183105469,35.25,33.54999923706055,11277400
2022-09-29,RIVN,32.310001373291016,32.310001373291016,35.7599983215332,32.13999938964844,16987900
2022-09-30,RIVN,32.90999984741211,32.90999984741211,34.130001068115234,31.641000747680664,12381000
2022-10-03,RIVN,31.889999389648438,31.889999389648438,32.849998474121094,31.010000228881836,13778400
2022-10-04,RIVN,36.29999923706055,36.29999923706055,36.3849983215332,33.79999923706055,29058700
2022-10-05,RIVN,36.130001068115234,36.130001068115234,36.22999954223633,34.650001525878906,15778900
2022-10-06,RIVN,36.7599983215332,36.7599983215332,37.38999938964844,35.279998779296875,17266500
2022-10-07,RIVN,33.95000076293945,33.95000076293945,36.007999420166016,33.0099983215332,22803600
2022-10-10,RIVN,31.479999542236328,31.479999542236328,32.347999572753906,30.15999984741211,26171500
2022-10-11,RIVN,32.33000183105469,32.33000183105469,33.685001373291016,30.809999465942383,20802800
2022-10-12,RIVN,32.349998474121094,32.349998474121094,32.97700119018555,31.565000534057617,14040200
2022-10-13,RIVN,32.5,32.5,33.18000030517578,30.329999923706055,16135000
2022-10-14,RIVN,28.709999084472656,28.709999084472656,33.25,28.614999771118164,22520600
2022-10-17,RIVN,30.700000762939453,30.700000762939453,30.84000015258789,29.399999618530273,14050600
2022-10-18,RIVN,31.639999389648438,31.639999389648438,32.310001373291016,30.989999771118164,13668100
2022-10-19,RIVN,31.5,31.5,31.760000228881836,30.56999969482422,10644900
2022-10-20,RIVN,30.729999542236328,30.729999542236328,32.15999984741211,30.3700008392334,10633200
2022-10-21,RIVN,31.920000076293945,31.920000076293945,32.0,30.09000015258789,9941800
2022-10-24,RIVN,31.34000015258789,31.34000015258789,31.790000915527344,29.450000762939453,11197700
2022-10-25,RIVN,34.4900016784668,34.4900016784668,34.75,31.325000762939453,18931400
2022-10-26,RIVN,34.439998626708984,34.439998626708984,35.849998474121094,33.900001525878906,11335900
2022-10-27,RIVN,34.5,34.5,35.220001220703125,33.900001525878906,8968100
2022-10-28,RIVN,34.47999954223633,34.47999954223633,35.06999969482422,34.099998474121094,8410900
2022-10-31,RIVN,34.970001220703125,34.970001220703125,35.994998931884766,33.970001220703125,23372500
2022-11-01,RIVN,33.47999954223633,33.47999954223633,36.44599914550781,33.380001068115234,10366100
2022-11-02,RIVN,31.520000457763672,31.520000457763672,33.755001068115234,31.459999084472656,10788300
2022-11-03,RIVN,32.2400016784668,32.2400016784668,33.54999923706055,31.010000228881836,8075400
2022-11-04,RIVN,31.989999771118164,31.989999771118164,33.5,31.100000381469727,8159200
2022-11-07,RIVN,31.31999969482422,31.31999969482422,32.928001403808594,31.010000228881836,7414000
2022-11-08,RIVN,31.850000381469727,31.850000381469727,32.84000015258789,30.350000381469727,11768900
2022-11-09,RIVN,28.06999969482422,28.06999969482422,31.149999618530273,27.360000610351562,28081300
2022-11-10,RIVN,32.959999084472656,32.959999084472656,33.52000045776367,31.1299991607666,29299900
2022-11-11,RIVN,34.900001525878906,34.900001525878906,34.97999954223633,31.920000076293945,21051800
2022-11-14,RIVN,34.380001068115234,34.380001068115234,35.150001525878906,33.20399856567383,12608900
2022-11-15,RIVN,35.150001525878906,35.150001525878906,35.73500061035156,33.91999816894531,19268200
2022-11-16,RIVN,33.31999969482422,33.31999969482422,34.4900016784668,32.849998474121094,10069200
2022-11-17,RIVN,32.06999969482422,32.06999969482422,32.755001068115234,31.709999084472656,7890900
2022-11-18,RIVN,30.34000015258789,30.34000015258789,32.689998626708984,29.809999465942383,13130200
2022-11-21,RIVN,28.420000076293945,28.420000076293945,30.149999618530273,28.399999618530273,13508600
2022-11-22,RIVN,28.940000534057617,28.940000534057617,29.469999313354492,27.850000381469727,10770200
2022-11-23,RIVN,29.709999084472656,29.709999084472656,30.18000030517578,28.950000762939453,9511300
2022-11-25,RIVN,29.530000686645508,29.530000686645508,29.639999389648438,29.100000381469727,3907600
2022-11-28,RIVN,28.639999389648438,28.639999389648438,29.559999465942383,28.579999923706055,7746900
2022-11-29,RIVN,28.850000381469727,28.850000381469727,29.489999771118164,28.665000915527344,6705700
2022-11-30,RIVN,32.040000915527344,32.040000915527344,32.22999954223633,29.020000457763672,18375900
2022-12-01,RIVN,31.479999542236328,31.479999542236328,32.599998474121094,30.299999237060547,12056800
2022-12-02,RIVN,31.360000610351562,31.360000610351562,31.600000381469727,30.25,8879100
2022-12-05,RIVN,29.530000686645508,29.530000686645508,31.344999313354492,29.434999465942383,7560400
2022-12-06,RIVN,27.889999389648438,27.889999389648438,29.540000915527344,27.424999237060547,13170700
2022-12-07,RIVN,27.940000534057617,27.940000534057617,28.226999282836914,27.270000457763672,8877300
2022-12-08,RIVN,28.579999923706055,28.579999923706055,28.639999389648438,27.59000015258789,9582500
2022-12-09,RIVN,27.290000915527344,27.290000915527344,29.274999618530273,27.2450008392334,11334500
2022-12-12,RIVN,25.610000610351562,25.610000610351562,26.899999618530273,25.520000457763672,19596900
2022-12-13,RIVN,24.959999084472656,24.959999084472656,27.959999084472656,24.6299991607666,20597300
2022-12-14,RIVN,24.540000915527344,24.540000915527344,25.579999923706055,24.43000030517578,14213100
2022-12-15,RIVN,23.969999313354492,23.969999313354492,25.059999465942383,23.860000610351562,13296000
2022-12-16,RIVN,22.479999542236328,22.479999542236328,24.309999465942383,22.299999237060547,58554600
2022-12-19,RIVN,22.030000686645508,22.030000686645508,22.739999771118164,21.850000381469727,18825200
2022-12-20,RIVN,21.399999618530273,21.399999618530273,22.459999084472656,21.290000915527344,15114700
2022-12-21,RIVN,21.030000686645508,21.030000686645508,21.610000610351562,20.729999542236328,13435000
2022-12-22,RIVN,19.729999542236328,19.729999542236328,20.809999465942383,18.920000076293945,24271200
2022-12-23,RIVN,19.139999389648438,19.139999389648438,19.770000457763672,18.52199935913086,18952000
2022-12-27,RIVN,17.739999771118164,17.739999771118164,18.700000762939453,17.649999618530273,21663000
2022-12-28,RIVN,17.739999771118164,17.739999771118164,18.260000228881836,17.450000762939453,20967700
2022-12-29,RIVN,18.729999542236328,18.729999542236328,19.024999618530273,18.139999389648438,22063000
2022-12-30,RIVN,18.43000030517578,18.43000030517578,18.577999114990234,17.915000915527344,17181800
2023-01-03,RIVN,17.34000015258789,17.34000015258789,18.989999771118164,17.079999923706055,25993900
2023-01-04,RIVN,17.709999084472656,17.709999084472656,18.059999465942383,16.559999465942383,28730200
2023-01-05,RIVN,16.559999465942383,16.559999465942383,17.3799991607666,16.530000686645508,24201200
2023-01-06,RIVN,16.399999618530273,16.399999618530273,16.655000686645508,15.84000015258789,22022300
2023-01-09,RIVN,16.6200008392334,16.6200008392334,17.200000762939453,16.469999313354492,21572200
2023-01-10,RIVN,16.450000762939453,16.450000762939453,17.3700008392334,16.020000457763672,26468300
2023-01-11,RIVN,17.079999923706055,17.079999923706055,17.69499969482422,16.184999465942383,33365100
2023-01-12,RIVN,17.579999923706055,17.579999923706055,17.780000686645508,16.479999542236328,30584200
2023-01-13,RIVN,16.450000762939453,16.450000762939453,16.84000015258789,15.819999694824219,42771400
2023-01-17,RIVN,16.93000030517578,16.93000030517578,17.280000686645508,16.371000289916992,25623600
2023-01-18,RIVN,16.5,16.5,17.709999084472656,16.459999084472656,22158100
2023-01-19,RIVN,15.789999961853027,15.789999961853027,16.360000610351562,15.279999732971191,28441500
2023-01-20,RIVN,16.229999542236328,16.229999542236328,16.510000228881836,15.545000076293945,23673400
2023-01-23,RIVN,18.100000381469727,18.100000381469727,18.3799991607666,16.440000534057617,41768300
2023-01-24,RIVN,18.049999237060547,18.049999237060547,18.6299991607666,17.6200008392334,22660100
2023-01-25,RIVN,18.690000534057617,18.690000534057617,18.764999389648438,17.1200008392334,26136500
2023-01-26,RIVN,18.309999465942383,18.309999465942383,19.8799991607666,18.010000228881836,32276700
2023-01-27,RIVN,19.829999923706055,19.829999923706055,21.440000534057617,18.139999389648438,73907100
2023-01-30,RIVN,18.040000915527344,18.040000915527344,19.948999404907227,18.010000228881836,34992500
2023-01-31,RIVN,19.399999618530273,19.399999618530273,19.43000030517578,17.77199935913086,31614400
2023-02-01,RIVN,19.709999084472656,19.709999084472656,20.06999969482422,18.21500015258789,36443900
2023-02-02,RIVN,20.8799991607666,20.8799991607666,22.09000015258789,20.31999969482422,39070000
2023-02-03,RIVN,19.899999618530273,19.899999618530273,21.31999969482422,19.7450008392334,27177300
2023-02-06,RIVN,20.219999313354492,20.219999313354492,20.360000610351562,19.610000610351562,15772600
2023-02-07,RIVN,19.90999984741211,19.90999984741211,20.190000534057617,18.709999084472656,28566900
2023-02-08,RIVN,20.079999923706055,20.079999923706055,20.3799991607666,19.450000762939453,18650900
2023-02-09,RIVN,19.420000076293945,19.420000076293945,20.885000228881836,19.239999771118164,18834400
2023-02-10,RIVN,18.850000381469727,18.850000381469727,19.15999984741211,18.549999237060547,17148500
2023-02-13,RIVN,18.920000076293945,18.920000076293945,19.065000534057617,18.280000686645508,13538600
2023-02-14,RIVN,19.489999771118164,19.489999771118164,19.639999389648438,18.18000030517578,17274200
2023-02-15,RIVN,21.149999618530273,21.149999618530273,21.149999618530273,18.959999084472656,27957200
2023-02-16,RIVN,20.68000030517578,20.68000030517578,21.68000030517578,20.31999969482422,21737700
2023-02-17,RIVN,20.219999313354492,20.219999313354492,20.56999969482422,19.5,16589200
2023-02-21,RIVN,19.079999923706055,19.079999923706055,19.93000030517578,18.969999313354492,13737700
2023-02-22,RIVN,19.020000457763672,19.020000457763672,19.53499984741211,18.57200050354004,16786900
2023-02-23,RIVN,18.18000030517578,18.18000030517578,18.93000030517578,17.5,25995900
2023-02-24,RIVN,17.31999969482422,17.31999969482422,17.6299991607666,16.905000686645508,20161600
2023-02-27,RIVN,18.450000762939453,18.450000762939453,18.6299991607666,17.600000381469727,20042500
2023-02-28,RIVN,19.299999237060547,19.299999237060547,19.760000228881836,18.530000686645508,36331100
2023-03-01,RIVN,15.760000228881836,15.760000228881836,17.68000030517578,15.5600004196167,87442100
2023-03-02,RIVN,15.720000267028809,15.720000267028809,16.190000534057617,15.079999923706055,41698200
2023-03-03,RIVN,16.920000076293945,16.920000076293945,17.479999542236328,15.720000267028809,48011300
2023-03-06,RIVN,17.1299991607666,17.1299991607666,17.739999771118164,16.959999084472656,32080000
2023-03-07,RIVN,14.640000343322754,14.640000343322754,15.9399995803833,14.609999656677246,128729000
2023-03-08,RIVN,15.130000114440918,15.130000114440918,15.229999542236328,14.210000038146973,76217700
2023-03-09,RIVN,14.529999732971191,14.529999732971191,15.260000228881836,14.440999984741211,40790600
2023-03-10,RIVN,14.15999984741211,14.15999984741211,14.904999732971191,14.0,42475700
2023-03-13,RIVN,13.729999542236328,13.729999542236328,14.109999656677246,13.119999885559082,43513000
2023-03-14,RIVN,13.210000038146973,13.210000038146973,14.109999656677246,13.100000381469727,36173200
2023-03-15,RIVN,13.029999732971191,13.029999732971191,13.392000198364258,12.795000076293945,43498100
2023-03-16,RIVN,13.460000038146973,13.460000038146973,13.5,12.90999984741211,30325200
2023-03-17,RIVN,13.010000228881836,13.010000228881836,13.319999694824219,12.800000190734863,36718200
2023-03-20,RIVN,13.020000457763672,13.020000457763672,13.09000015258789,12.579999923706055,30927600
2023-03-21,RIVN,13.609999656677246,13.609999656677246,13.739999771118164,13.130000114440918,27341300
2023-03-22,RIVN,13.289999961853027,13.289999961853027,13.949000358581543,13.234999656677246,23357000
2023-03-23,RIVN,13.710000038146973,13.710000038146973,13.989999771118164,13.40999984741211,20984200
2023-03-24,RIVN,13.619999885559082,13.619999885559082,13.914999961853027,13.260000228881836,17770100
2023-03-27,RIVN,13.3100004196167,13.3100004196167,13.84000015258789,13.210000038146973,16035400
2023-03-28,RIVN,12.960000038146973,12.960000038146973,13.4350004196167,12.880000114440918,16396700
2023-03-29,RIVN,14.239999771118164,14.239999771118164,14.4399995803833,13.180000305175781,34237300
2023-03-30,RIVN,14.399999618530273,14.399999618530273,14.84000015258789,14.27299976348877,24339700
2023-03-31,RIVN,15.479999542236328,15.479999542236328,15.680000305175781,14.40999984741211,38244700
2023-04-03,RIVN,15.229999542236328,15.229999542236328,15.59000015258789,14.630000114440918,26714500
2023-04-04,RIVN,15.380000114440918,15.380000114440918,15.795000076293945,14.729999542236328,21953000
2023-04-05,RIVN,14.630000114440918,14.630000114440918,15.1899995803833,14.380000114440918,19066500
2023-04-06,RIVN,14.470000267028809,14.470000267028809,14.8100004196167,14.3100004196167,14752500
2023-04-10,RIVN,14.8100004196167,14.8100004196167,14.845000267028809,14.029999732971191,14468600
2023-04-11,RIVN,14.739999771118164,14.739999771118164,15.085000038146973,14.649999618530273,14668600
2023-04-12,RIVN,14.1899995803833,14.1899995803833,15.239999771118164,14.109999656677246,23278000
2023-04-13,RIVN,14.369999885559082,14.369999885559082,14.484999656677246,14.1899995803833,13000500
2023-04-14,RIVN,13.380000114440918,13.380000114440918,13.920000076293945,13.16100025177002,36941100
2023-04-17,RIVN,13.729999542236328,13.729999542236328,14.114999771118164,13.34000015258789,24478200
2023-04-18,RIVN,13.430000305175781,13.430000305175781,13.729999542236328,13.3100004196167,19327200
2023-04-19,RIVN,12.819999694824219,12.819999694824219,13.079999923706055,12.65999984741211,31590500
2023-04-20,RIVN,12.350000381469727,12.350000381469727,12.78499984741211,12.020000457763672,32712600
2023-04-21,RIVN,12.25,12.25,12.380000114440918,11.880000114440918,20695000
2023-04-24,RIVN,12.359999656677246,12.359999656677246,12.479999542236328,12.079999923706055,14196600
2023-04-25,RIVN,12.0,12.0,12.274999618530273,11.960000038146973,17876600
2023-04-26,RIVN,12.039999961853027,12.039999961853027,12.329999923706055,11.680000305175781,22594500
2023-04-27,RIVN,12.670000076293945,12.670000076293945,12.779999732971191,12.079999923706055,22583400
2023-04-28,RIVN,12.819999694824219,12.819999694824219,12.954999923706055,12.470000267028809,18185000
2023-05-01,RIVN,12.649999618530273,12.649999618530273,12.829999923706055,12.369999885559082,12868700
2023-05-02,RIVN,12.680000305175781,12.680000305175781,12.869999885559082,12.350000381469727,13130200
2023-05-03,RIVN,12.8100004196167,12.8100004196167,13.114999771118164,12.5600004196167,14620000
2023-05-04,RIVN,12.949999809265137,12.949999809265137,13.149999618530273,12.59000015258789,13429000
2023-05-05,RIVN,13.40999984741211,13.40999984741211,13.630000114440918,13.095000267028809,16793100
2023-05-08,RIVN,13.869999885559082,13.869999885559082,14.015000343322754,13.229999542236328,23002500
2023-05-09,RIVN,13.859999656677246,13.859999656677246,14.085000038146973,13.119999885559082,34103300
2023-05-10,RIVN,14.109999656677246,14.109999656677246,15.739999771118164,14.045000076293945,66713400
2023-05-11,RIVN,13.84000015258789,13.84000015258789,14.574999809265137,13.720000267028809,26179600
2023-05-12,RIVN,12.90999984741211,12.90999984741211,13.970000267028809,12.734999656677246,31065600
2023-05-15,RIVN,13.4399995803833,13.4399995803833,13.539999961853027,12.550000190734863,22534000
2023-05-16,RIVN,13.079999923706055,13.079999923706055,13.329999923706055,12.930000305175781,13799400
2023-05-17,RIVN,13.40999984741211,13.40999984741211,13.454999923706055,13.0,16167300
2023-05-18,RIVN,13.539999961853027,13.539999961853027,13.5600004196167,13.050000190734863,13853200
2023-05-19,RIVN,13.470000267028809,13.470000267028809,14.300000190734863,13.289999961853027,24278000
2023-05-22,RIVN,14.229999542236328,14.229999542236328,14.359999656677246,13.380000114440918,20291000
2023-05-23,RIVN,14.199999809265137,14.199999809265137,14.760000228881836,14.0,18444200
2023-05-24,RIVN,14.380000114440918,14.380000114440918,14.420000076293945,13.600000381469727,19055900
2023-05-25,RIVN,14.569999694824219,14.569999694824219,14.65999984741211,14.140000343322754,16133200
2023-05-26,RIVN,15.140000343322754,15.140000343322754,15.460000038146973,14.649999618530273,26601700
2023-05-30,RIVN,14.869999885559082,14.869999885559082,15.65999984741211,14.4350004196167,29933800
2023-05-31,RIVN,14.729999542236328,14.729999542236328,15.010000228881836,14.380000114440918,49316900
2023-06-01,RIVN,14.579999923706055,14.579999923706055,14.9399995803833,14.020000457763672,25361800
2023-06-02,RIVN,14.479999542236328,14.479999542236328,15.069999694824219,14.449999809265137,20138900
2023-06-05,RIVN,14.34000015258789,14.34000015258789,14.670000076293945,14.024999618530273,17602000
2023-06-06,RIVN,14.5,14.5,14.920000076293945,14.109999656677246,22214400
2023-06-07,RIVN,13.819999694824219,13.819999694824219,14.755000114440918,13.8100004196167,30942800
2023-06-08,RIVN,14.050000190734863,14.050000190734863,14.164999961853027,13.649999618530273,17716700
2023-06-09,RIVN,13.869999885559082,13.869999885559082,14.859999656677246,13.829999923706055,25896700
2023-06-12,RIVN,14.0,14.0,14.6899995803833,13.609999656677246,33762000
2023-06-13,RIVN,15.25,15.25,15.460000038146973,14.095000267028809,46597700
2023-06-14,RIVN,14.739999771118164,14.739999771118164,15.390000343322754,14.520000457763672,34759600
2023-06-15,RIVN,15.239999771118164,15.239999771118164,15.574999809265137,14.390000343322754,33097500
2023-06-16,RIVN,14.880000114440918,14.880000114440918,16.09000015258789,14.729999542236328,92230400
2023-06-20,RIVN,15.699999809265137,15.699999809265137,15.829999923706055,15.0600004196167,39557100
2023-06-21,RIVN,14.619999885559082,14.619999885559082,16.31999969482422,14.40999984741211,49422000
2023-06-22,RIVN,14.149999618530273,14.149999618530273,14.649999618530273,14.020000457763672,25705600
2023-06-23,RIVN,13.529999732971191,13.529999732971191,14.020000457763672,13.5,23978200
2023-06-26,RIVN,13.449999809265137,13.449999809265137,13.970000267028809,13.380000114440918,21634500
2023-06-27,RIVN,13.9399995803833,13.9399995803833,13.949999809265137,13.300000190734863,27593800
2023-06-28,RIVN,14.640000343322754,14.640000343322754,14.869999885559082,13.819999694824219,32296400
2023-06-29,RIVN,16.010000228881836,16.010000228881836,16.010000228881836,14.609999656677246,48833700
2023-06-30,RIVN,16.65999984741211,16.65999984741211,16.75,15.779999732971191,40422800
2023-07-03,RIVN,19.559999465942383,19.559999465942383,19.700000762939453,17.799999237060547,79984800
2023-07-05,RIVN,20.43000030517578,20.43000030517578,21.049999237060547,19.434999465942383,118923400
2023-07-06,RIVN,21.6200008392334,21.6200008392334,21.770000457763672,19.639999389648438,98775300
2023-07-07,RIVN,24.700000762939453,24.700000762939453,25.6299991607666,22.600000381469727,232047300
2023-07-10,RIVN,25.510000228881836,25.510000228881836,26.610000610351562,23.579999923706055,174169400
2023-07-11,RIVN,24.850000381469727,24.850000381469727,25.739999771118164,24.309999465942383,94875300
2023-07-12,RIVN,25.90999984741211,25.90999984741211,26.26099967956543,23.709999084472656,107585800
2023-07-13,RIVN,25.520000457763672,25.520000457763672,26.889999389648438,25.18000030517578,100021300
2023-07-14,RIVN,24.81999969482422,24.81999969482422,25.790000915527344,24.540000915527344,55642100
2023-07-17,RIVN,23.989999771118164,23.989999771118164,24.579999923706055,23.239999771118164,67076000
2023-07-18,RIVN,24.690000534057617,24.690000534057617,25.829999923706055,23.739999771118164,66356400
2023-07-19,RIVN,24.829999923706055,24.829999923706055,26.030000686645508,24.645000457763672,56565000
2023-07-20,RIVN,25.809999465942383,25.809999465942383,26.139999389648438,23.850000381469727,79330300
2023-07-21,RIVN,25.270000457763672,25.270000457763672,27.15999984741211,24.31999969482422,80944800
2023-07-24,RIVN,25.809999465942383,25.809999465942383,26.3700008392334,24.740999221801758,59564500
2023-07-25,RIVN,25.350000381469727,25.350000381469727,26.559999465942383,25.190000534057617,45926600
2023-07-26,RIVN,27.149999618530273,27.149999618530273,27.6200008392334,25.450000762939453,73715900
2023-07-27,RIVN,26.049999237060547,26.049999237060547,28.059999465942383,25.885000228881836,66937600
2023-07-28,RIVN,26.940000534057617,26.940000534057617,27.469999313354492,26.329999923706055,48754300
2023-07-31,RIVN,27.639999389648438,27.639999389648438,27.780000686645508,26.610000610351562,37941600
2023-08-01,RIVN,27.299999237060547,27.299999237060547,27.635000228881836,26.350000381469727,40142600
2023-08-02,RIVN,25.90999984741211,25.90999984741211,26.479999542236328,24.84000015258789,48226700
2023-08-03,RIVN,26.5,26.5,27.010000228881836,25.350000381469727,31646800
2023-08-04,RIVN,25.260000228881836,25.260000228881836,26.829999923706055,25.18000030517578,33547700
2023-08-07,RIVN,24.280000686645508,24.280000686645508,25.739999771118164,23.6299991607666,38325800
2023-08-08,RIVN,24.799999237060547,24.799999237060547,25.249000549316406,23.600000381469727,57613400
2023-08-09,RIVN,22.350000381469727,22.350000381469727,25.729999542236328,22.260000228881836,84645900
2023-08-10,RIVN,21.90999984741211,21.90999984741211,22.899999618530273,21.510000228881836,50575800
2023-08-11,RIVN,21.56999969482422,21.56999969482422,21.979999542236328,21.280000686645508,31238900
2023-08-14,RIVN,21.559999465942383,21.559999465942383,21.799999237060547,20.520000457763672,33997000
2023-08-15,RIVN,20.780000686645508,20.780000686645508,21.860000610351562,20.450000762939453,31758200
2023-08-16,RIVN,21.040000915527344,21.040000915527344,21.450000762939453,20.200000762939453,32188400
2023-08-17,RIVN,20.950000762939453,20.950000762939453,21.799999237060547,20.65999984741211,34911600
2023-08-18,RIVN,20.780000686645508,20.780000686645508,21.170000076293945,20.18000030517578,25944000
2023-08-21,RIVN,21.18000030517578,21.18000030517578,21.31999969482422,20.739999771118164,21257500
2023-08-22,RIVN,20.079999923706055,20.079999923706055,21.469999313354492,19.770000457763672,30440100
2023-08-23,RIVN,20.31999969482422,20.31999969482422,20.489999771118164,19.610000610351562,17583100
2023-08-24,RIVN,19.639999389648438,19.639999389648438,20.264999389648438,19.479999542236328,18934000
2023-08-25,RIVN,20.06999969482422,20.06999969482422,20.325000762939453,19.56999969482422,17059400
2023-08-28,RIVN,20.530000686645508,20.530000686645508,20.739999771118164,19.979999542236328,14795200
2023-08-29,RIVN,22.309999465942383,22.309999465942383,22.329999923706055,20.351999282836914,33698400
2023-08-30,RIVN,22.8799991607666,22.8799991607666,22.920000076293945,21.979999542236328,22796300
2023-08-31,RIVN,22.729999542236328,22.729999542236328,23.454999923706055,22.364999771118164,26642500
2023-09-01,RIVN,23.309999465942383,23.309999465942383,23.7549991607666,22.459999084472656,26403000
2023-09-05,RIVN,23.389999389648438,23.389999389648438,23.709999084472656,23.1200008392334,18911800
2023-09-06,RIVN,23.260000228881836,23.260000228881836,23.420000076293945,22.500999450683594,18103700
2023-09-07,RIVN,23.420000076293945,23.420000076293945,23.489999771118164,22.43000030517578,18546400
2023-09-08,RIVN,23.100000381469727,23.100000381469727,23.739999771118164,22.760000228881836,19056000
2023-09-11,RIVN,23.40999984741211,23.40999984741211,23.950000762939453,22.889999389648438,26320100
2023-09-12,RIVN,23.579999923706055,23.579999923706055,24.459999084472656,23.059999465942383,23942100
2023-09-13,RIVN,23.25,23.25,23.760000228881836,23.204999923706055,15641900
2023-09-14,RIVN,24.110000610351562,24.110000610351562,24.170000076293945,23.190000534057617,21598400
2023-09-15,RIVN,24.18000030517578,24.18000030517578,24.6200008392334,23.68000030517578,38433200
2023-09-18,RIVN,23.709999084472656,23.709999084472656,24.42099952697754,23.40999984741211,20517500
2023-09-19,RIVN,22.739999771118164,22.739999771118164,23.510000228881836,21.809999465942383,33672800
2023-09-20,RIVN,22.399999618530273,22.399999618530273,23.420000076293945,22.3799991607666,19550800
2023-09-21,RIVN,21.530000686645508,21.530000686645508,22.200000762939453,21.520000457763672,20032800
2023-09-22,RIVN,20.59000015258789,20.59000015258789,21.93000030517578,20.579999923706055,24225700
2023-09-25,RIVN,21.1299991607666,21.1299991607666,21.670000076293945,20.030000686645508,24477000
2023-09-26,RIVN,22.260000228881836,22.260000228881836,22.670000076293945,21.100000381469727,37062100
2023-09-27,RIVN,23.049999237060547,23.049999237060547,23.329999923706055,21.989999771118164,31254100
2023-09-28,RIVN,23.079999923706055,23.079999923706055,23.239999771118164,22.229999542236328,23054300
2023-09-29,RIVN,24.280000686645508,24.280000686645508,24.5,23.389999389648438,35885800
2023-10-02,RIVN,23.65999984741211,23.65999984741211,24.8700008392334,23.3700008392334,49561600
2023-10-03,RIVN,21.690000534057617,21.690000534057617,23.420000076293945,21.559999465942383,42257500
2023-10-04,RIVN,23.690000534057617,23.690000534057617,23.739999771118164,21.58300018310547,48606000
2023-10-05,RIVN,18.270000457763672,18.270000457763672,21.389999389648438,18.010000228881836,189851600
2023-10-06,RIVN,18.920000076293945,18.920000076293945,19.0,17.649999618530273,120814400
2023-10-09,RIVN,18.780000686645508,18.780000686645508,18.969999313354492,17.788000106811523,51715300
2023-10-10,RIVN,19.639999389648438,19.639999389648438,19.979999542236328,19.110000610351562,54126000
2023-10-11,RIVN,19.3700008392334,19.3700008392334,20.190000534057617,19.100000381469727,41638100
2023-10-12,RIVN,19.329999923706055,19.329999923706055,19.889999389648438,18.719999313354492,37700400
2023-10-13,RIVN,19.299999237060547,19.299999237060547,19.46500015258789,18.780000686645508,29307500
2023-10-16,RIVN,19.65999984741211,19.65999984741211,19.790000915527344,19.1299991607666,21031100
2023-10-17,RIVN,19.899999618530273,19.899999618530273,20.219999313354492,19.209999084472656,34080300
2023-10-18,RIVN,18.09000015258789,18.09000015258789,19.729999542236328,17.899999618530273,45912200
2023-10-19,RIVN,17.15999984741211,17.15999984741211,17.989999771118164,17.06999969482422,41423000
2023-10-20,RIVN,16.719999313354492,16.719999313354492,17.389999389648438,16.621999740600586,30832900
2023-10-23,RIVN,17.06999969482422,17.06999969482422,17.649999618530273,16.09000015258789,30193300
2023-10-24,RIVN,17.43000030517578,17.43000030517578,17.649999618530273,16.989999771118164,23001800
2023-10-25,RIVN,17.020000457763672,17.020000457763672,17.600000381469727,16.959999084472656,21207200
2023-10-26,RIVN,16.170000076293945,16.170000076293945,17.010000228881836,15.880000114440918,29444900
2023-10-27,RIVN,16.010000228881836,16.010000228881836,16.809999465942383,15.930000305175781,23930300
2023-10-30,RIVN,15.720000267028809,15.720000267028809,16.25,15.289999961853027,28495600
2023-10-31,RIVN,16.219999313354492,16.219999313354492,16.43000030517578,15.449999809265137,42227100
2023-11-01,RIVN,16.1299991607666,16.1299991607666,16.298999786376953,15.890000343322754,18125400
2023-11-02,RIVN,17.59000015258789,17.59000015258789,17.899999618530273,16.6200008392334,42818700
2023-11-03,RIVN,17.709999084472656,17.709999084472656,18.434999465942383,17.6299991607666,31536000
2023-11-06,RIVN,17.18000030517578,17.18000030517578,18.149999618530273,16.885000228881836,29082900
2023-11-07,RIVN,17.420000076293945,17.420000076293945,17.530000686645508,16.760000228881836,45393300
2023-11-08,RIVN,17.0,17.0,18.770000457763672,16.329999923706055,121273500
2023-11-09,RIVN,15.329999923706055,15.329999923706055,17.3700008392334,15.324999809265137,67877300
2023-11-10,RIVN,15.399999618530273,15.399999618530273,15.760000228881836,15.119999885559082,48589600
2023-11-13,RIVN,16.190000534057617,16.190000534057617,16.3799991607666,15.279999732971191,38041900
2023-11-14,RIVN,16.899999618530273,16.899999618530273,17.218000411987305,16.56999969482422,43215600
2023-11-15,RIVN,17.239999771118164,17.239999771118164,17.75,16.25,52207500
2023-11-16,RIVN,16.389999389648438,16.389999389648438,17.149999618530273,15.930000305175781,36672200
2023-11-17,RIVN,16.700000762939453,16.700000762939453,16.950000762939453,16.299999237060547,30199500
2023-11-20,RIVN,16.93000030517578,16.93000030517578,17.15999984741211,16.729999542236328,23589900
2023-11-21,RIVN,15.720000267028809,15.720000267028809,16.989999771118164,15.71500015258789,38697300
2023-11-22,RIVN,15.979999542236328,15.979999542236328,16.139999389648438,15.729999542236328,20168300
2023-11-24,RIVN,16.43000030517578,16.43000030517578,16.469999313354492,15.779999732971191,15188400
2023-11-27,RIVN,16.65999984741211,16.65999984741211,16.770000457763672,16.100000381469727,24763900
2023-11-28,RIVN,17.420000076293945,17.420000076293945,17.43000030517578,16.170000076293945,37881900
2023-11-29,RIVN,17.31999969482422,17.31999969482422,18.270000457763672,17.260000228881836,47888100
2023-11-30,RIVN,16.760000228881836,16.760000228881836,17.59000015258789,16.690000534057617,28376600
2023-12-01,RIVN,18.030000686645508,18.030000686645508,18.084999084472656,16.6200008392334,39709100
2023-12-04,RIVN,17.739999771118164,17.739999771118164,18.25,17.510000228881836,31666400
2023-12-05,RIVN,17.40999984741211,17.40999984741211,18.020000457763672,17.291000366210938,23840400
2023-12-06,RIVN,18.3799991607666,18.3799991607666,19.420000076293945,17.399999618530273,59282800
2023-12-07,RIVN,19.190000534057617,19.190000534057617,19.229999542236328,18.299999237060547,37583000
2023-12-08,RIVN,19.040000915527344,19.040000915527344,19.549999237060547,18.6200008392334,34974800
2023-12-11,RIVN,18.950000762939453,18.950000762939453,19.290000915527344,18.770000457763672,17753000
2023-12-12,RIVN,18.209999084472656,18.209999084472656,18.90999984741211,17.75,33865500
2023-12-13,RIVN,19.68000030517578,19.68000030517578,19.690000534057617,17.940000534057617,46247700
2023-12-14,RIVN,22.43000030517578,22.43000030517578,22.53499984741211,20.299999237060547,82961200
2023-12-15,RIVN,22.829999923706055,22.829999923706055,22.9950008392334,21.649999618530273,59197300
2023-12-18,RIVN,23.799999237060547,23.799999237060547,24.170000076293945,22.520000457763672,46402300
2023-12-19,RIVN,24.350000381469727,24.350000381469727,24.520000457763672,23.81999969482422,37545500
2023-12-20,RIVN,23.18000030517578,23.18000030517578,24.565000534057617,23.149999618530273,38421000
2023-12-21,RIVN,23.579999923706055,23.579999923706055,24.1200008392334,23.399999618530273,27720800
2023-12-22,RIVN,23.209999084472656,23.209999084472656,23.78700065612793,22.799999237060547,23996800
2023-12-26,RIVN,23.59000015258789,23.59000015258789,24.614999771118164,23.309999465942383,30450100
2023-12-27,RIVN,23.729999542236328,23.729999542236328,23.81999969482422,23.139999389648438,22593300
2023-12-28,RIVN,23.540000915527344,23.540000915527344,24.299999237060547,23.5,25289500
2023-12-29,RIVN,23.459999084472656,23.459999084472656,23.93000030517578,23.100000381469727,21364500
2024-01-02,RIVN,21.100000381469727,21.100000381469727,21.940000534057617,20.760000228881836,49626300
2024-01-03,RIVN,20.31999969482422,20.31999969482422,20.65999984741211,19.65999984741211,35634500
2024-01-04,RIVN,19.5,19.5,20.295000076293945,19.475000381469727,28453000
2024-01-05,RIVN,19.079999923706055,19.079999923706055,19.899999618530273,19.0,27468400
2024-01-08,RIVN,19.579999923706055,19.579999923706055,19.579999923706055,18.889999389648438,18745500
2024-01-09,RIVN,19.25,19.25,19.759000778198242,19.15999984741211,18403000
2024-01-10,RIVN,19.06999969482422,19.06999969482422,19.389999389648438,18.8799991607666,14916700
2024-01-11,RIVN,18.790000915527344,18.790000915527344,19.1200008392334,18.2810001373291,22677600
2024-01-12,RIVN,18.059999465942383,18.059999465942383,18.864999771118164,17.780000686645508,29742200
2024-01-16,RIVN,17.81999969482422,17.81999969482422,18.020000457763672,17.075000762939453,21092800
2024-01-17,RIVN,16.760000228881836,16.760000228881836,17.15999984741211,16.280000686645508,45224100
2024-01-18,RIVN,15.739999771118164,15.739999771118164,17.010000228881836,15.359999656677246,54757100
2024-01-19,RIVN,15.479999542236328,15.479999542236328,15.859999656677246,15.15999984741211,38881400
2024-01-22,RIVN,16.030000686645508,16.030000686645508,16.809999465942383,15.420000076293945,35812400
2024-01-23,RIVN,16.040000915527344,16.040000915527344,16.860000610351562,15.843000411987305,32649200
2024-01-24,RIVN,15.34000015258789,15.34000015258789,16.489999771118164,15.25,35331500
2024-01-25,RIVN,15.0,15.0,15.289999961853027,14.59000015258789,38654000
2024-01-26,RIVN,15.289999961853027,15.289999961853027,15.479999542236328,15.039999961853027,25757700
2024-01-29,RIVN,16.1200008392334,16.1200008392334,16.139999389648438,15.029999732971191,37754800
2024-01-30,RIVN,15.65999984741211,15.65999984741211,16.309999465942383,15.649999618530273,26006300
2024-01-31,RIVN,15.3100004196167,15.3100004196167,16.25,15.3100004196167,31526300
2024-02-01,RIVN,15.529999732971191,15.529999732971191,15.760000228881836,14.970000267028809,24103600
2024-02-02,RIVN,15.600000381469727,15.600000381469727,15.65999984741211,15.0,24617500
2024-02-05,RIVN,14.9399995803833,14.9399995803833,15.350000381469727,14.729999542236328,29518400
2024-02-06,RIVN,15.5,15.5,15.529999732971191,14.734999656677246,27700700
2024-02-07,RIVN,15.170000076293945,15.170000076293945,15.765000343322754,15.109999656677246,21062500
2024-02-08,RIVN,16.110000610351562,16.110000610351562,16.1200008392334,15.149999618530273,58211500
2024-02-09,RIVN,16.68000030517578,16.68000030517578,16.84000015258789,16.270000457763672,41743400
2024-02-12,RIVN,16.329999923706055,16.329999923706055,16.799999237060547,15.850000381469727,37615600
2024-02-13,RIVN,15.380000114440918,15.380000114440918,15.579999923706055,15.03499984741211,37078800
2024-02-14,RIVN,15.539999961853027,15.539999961853027,15.829999923706055,15.369999885559082,23707300
2024-02-15,RIVN,16.350000381469727,16.350000381469727,16.549999237060547,15.569999694824219,36312600
2024-02-16,RIVN,16.299999237060547,16.299999237060547,16.729999542236328,16.065000534057617,25352500
2024-02-20,RIVN,15.890000343322754,15.890000343322754,16.5,15.460000038146973,27029100
2024-02-21,RIVN,15.390000343322754,15.390000343322754,16.094999313354492,15.180000305175781,50643700
2024-02-22,RIVN,11.449999809265137,11.449999809265137,12.25,11.0600004196167,191810400
2024-02-23,RIVN,10.069999694824219,10.069999694824219,11.020000457763672,10.0600004196167,123712600
2024-02-26,RIVN,10.699999809265137,10.699999809265137,10.920000076293945,10.050000190734863,71793300
2024-02-27,RIVN,11.140000343322754,11.140000343322754,11.25,10.5600004196167,62590400
2024-02-28,RIVN,11.300000190734863,11.300000190734863,11.539999961853027,10.770000457763672,49669900
2024-02-29,RIVN,11.319999694824219,11.319999694824219,11.760000228881836,11.010000228881836,48676800
2024-03-01,RIVN,11.350000381469727,11.350000381469727,11.59000015258789,11.010000228881836,30529400
2024-03-04,RIVN,10.90999984741211,10.90999984741211,11.079999923706055,10.550000190734863,50173400
2024-03-05,RIVN,10.930000305175781,10.930000305175781,11.194999694824219,10.640000343322754,35772100
2024-03-06,RIVN,11.029999732971191,11.029999732971191,11.125,10.734999656677246,25005900
2024-03-07,RIVN,12.510000228881836,12.510000228881836,12.739999771118164,11.045000076293945,151938500
2024-03-08,RIVN,12.779999732971191,12.779999732971191,13.640000343322754,12.425000190734863,108217200
2024-03-11,RIVN,12.6899995803833,12.6899995803833,13.520000457763672,12.555000305175781,57973700
2024-03-12,RIVN,12.369999885559082,12.369999885559082,12.880000114440918,11.970000267028809,39465900
2024-03-13,RIVN,11.710000038146973,11.710000038146973,12.369999885559082,11.645000457763672,37043000
2024-03-14,RIVN,10.6899995803833,10.6899995803833,11.59000015258789,10.539999961853027,60056400
2024-03-15,RIVN,11.039999961853027,11.039999961853027,11.288999557495117,10.87399959564209,48372700
2024-03-18,RIVN,11.399999618530273,11.399999618530273,11.5600004196167,10.760000228881836,39248400
2024-03-19,RIVN,11.260000228881836,11.260000228881836,11.380000114440918,10.970000267028809,28605100
2024-03-20,RIVN,11.359999656677246,11.359999656677246,11.460000038146973,10.960000038146973,32066100
2024-03-21,RIVN,11.170000076293945,11.170000076293945,11.420000076293945,11.079999923706055,25258600
2024-03-22,RIVN,10.800000190734863,10.800000190734863,11.069999694824219,10.710000038146973,29143100
2024-03-25,RIVN,10.649999618530273,10.649999618530273,11.130000114440918,10.359999656677246,50616100
2024-03-26,RIVN,10.520000457763672,10.520000457763672,11.03499984741211,10.5,33932000
2024-03-27,RIVN,10.989999771118164,10.989999771118164,11.069999694824219,10.479999542236328,34816200
2024-03-28,RIVN,10.949999809265137,10.949999809265137,11.494999885559082,10.880000114440918,43231900
2024-04-01,RIVN,11.09000015258789,11.09000015258789,11.130000114440918,10.779999732971191,23816100
2024-04-02,RIVN,10.510000228881836,10.510000228881836,10.800000190734863,10.260000228881836,43195000
2024-04-03,RIVN,10.539999961853027,10.539999961853027,10.800000190734863,10.369999885559082,33463200
2024-04-04,RIVN,10.130000114440918,10.130000114440918,10.710000038146973,10.130000114440918,42058300
2024-04-05,RIVN,10.100000381469727,10.100000381469727,10.364999771118164,10.010000228881836,37404400
2024-04-08,RIVN,10.4399995803833,10.4399995803833,10.494999885559082,10.15999984741211,28700500
2024-04-09,RIVN,10.630000114440918,10.630000114440918,10.6899995803833,10.390000343322754,27147100
2024-04-10,RIVN,10.270000457763672,10.270000457763672,10.420000076293945,10.109999656677246,30300700
2024-04-11,RIVN,9.569999694824219,9.569999694824219,10.300000190734863,9.380000114440918,80132300
2024-04-12,RIVN,9.130000114440918,9.130000114440918,9.510000228881836,9.079999923706055,57909500
2024-04-15,RIVN,8.399999618530273,8.399999618530273,9.170000076293945,8.319999694824219,82423900
2024-04-16,RIVN,8.710000038146973,8.710000038146973,8.869999885559082,8.260000228881836,51527100
2024-04-17,RIVN,8.739999771118164,8.739999771118164,9.010000228881836,8.729999542236328,32606900
2024-04-18,RIVN,8.829999923706055,8.829999923706055,9.079999923706055,8.380000114440918,30808400
2024-04-19,RIVN,8.630000114440918,8.630000114440918,8.890000343322754,8.569999694824219,26728600
2024-04-22,RIVN,8.789999961853027,8.789999961853027,8.859999656677246,8.3149995803833,35054900
2024-04-23,RIVN,9.039999961853027,9.039999961853027,9.239999771118164,8.6850004196167,33568600
2024-04-24,RIVN,8.84000015258789,8.84000015258789,9.199999809265137,8.692999839782715,34694500
2024-04-25,RIVN,8.520000457763672,8.520000457763672,8.710000038146973,8.460000038146973,21892100
2024-04-26,RIVN,9.039999961853027,9.039999961853027,9.039999961853027,8.5,28226100
2024-04-29,RIVN,9.380000114440918,9.380000114440918,9.40999984741211,9.020000457763672,30756600
2024-04-30,RIVN,8.899999618530273,8.899999618530273,9.199999809265137,8.899999618530273,23045100
2024-05-01,RIVN,9.210000038146973,9.210000038146973,9.550000190734863,8.84000015258789,27708000
2024-05-02,RIVN,9.829999923706055,9.829999923706055,10.130000114440918,9.21500015258789,54894000
2024-05-03,RIVN,10.069999694824219,10.069999694824219,10.407999992370605,9.899999618530273,47152000
2024-05-06,RIVN,10.329999923706055,10.329999923706055,10.494999885559082,10.079999923706055,30848900
2024-05-07,RIVN,10.25,10.25,11.21500015258789,10.069999694824219,98119500
2024-05-08,RIVN,10.270000457763672,10.270000457763672,10.279999732971191,9.25,67612800
2024-05-09,RIVN,10.220000267028809,10.220000267028809,10.470000267028809,10.039999961853027,31407500
2024-05-10,RIVN,9.989999771118164,9.989999771118164,10.40999984741211,9.84000015258789,32543800
2024-05-13,RIVN,10.899999618530273,10.899999618530273,11.1899995803833,10.024999618530273,65312700
2024-05-14,RIVN,11.1899995803833,11.1899995803833,12.130000114440918,11.109999656677246,60966800
2024-05-15,RIVN,10.199999809265137,10.199999809265137,11.140000343322754,10.140000343322754,64347700
2024-05-16,RIVN,10.130000114440918,10.130000114440918,10.40999984741211,10.079999923706055,34749700
2024-05-17,RIVN,10.5,10.5,10.510000228881836,9.890000343322754,23884000
2024-05-20,RIVN,10.279999732971191,10.279999732971191,10.600000381469727,10.210000038146973,21629700
2024-05-21,RIVN,10.050000190734863,10.050000190734863,10.350000381469727,9.979999542236328,23584300
2024-05-22,RIVN,10.699999809265137,10.699999809265137,10.739999771118164,9.9399995803833,37629900
2024-05-23,RIVN,9.949999809265137,9.949999809265137,10.550000190734863,9.890000343322754,37322200
2024-05-24,RIVN,10.4399995803833,10.4399995803833,10.460000038146973,10.020000457763672,25691300
2024-05-28,RIVN,10.420000076293945,10.420000076293945,10.675000190734863,10.3100004196167,22960300
2024-05-29,RIVN,10.220000267028809,10.220000267028809,10.350000381469727,9.970000267028809,19353800
2024-05-30,RIVN,10.970000267028809,10.970000267028809,11.229000091552734,10.255000114440918,48930900
2024-05-31,RIVN,10.920000076293945,10.920000076293945,11.100000381469727,10.470000267028809,39955800
2024-06-03,RIVN,11.399999618530273,11.399999618530273,11.420000076293945,10.640000343322754,35600500
2024-06-04,RIVN,11.220000267028809,11.220000267028809,11.550000190734863,11.119999885559082,26634700
2024-06-05,RIVN,11.449999809265137,11.449999809265137,11.510000228881836,11.090999603271484,24804600
2024-06-06,RIVN,11.739999771118164,11.739999771118164,11.8100004196167,11.145000457763672,28721400
2024-06-07,RIVN,11.520000457763672,11.520000457763672,11.899999618530273,11.350000381469727,24524500
2024-06-10,RIVN,11.869999885559082,11.869999885559082,11.970000267028809,11.380999565124512,23122700
2024-06-11,RIVN,11.829999923706055,11.829999923706055,11.899999618530273,11.520000457763672,18333600
2024-06-12,RIVN,11.800000190734863,11.800000190734863,12.460000038146973,11.729999542236328,35059900
2024-06-13,RIVN,11.109999656677246,11.109999656677246,11.890000343322754,11.069999694824219,28689800
2024-06-14,RIVN,10.880000114440918,10.880000114440918,11.234999656677246,10.8100004196167,21323700
2024-06-17,RIVN,10.960000038146973,10.960000038146973,11.104999542236328,10.649999618530273,21250300
2024-06-18,RIVN,11.020000457763672,11.020000457763672,11.210000038146973,10.710000038146973,20047800
2024-06-20,RIVN,10.329999923706055,10.329999923706055,10.868000030517578,10.279999732971191,31233700
2024-06-21,RIVN,10.319999694824219,10.319999694824219,10.430000305175781,10.149999618530273,31931500
2024-06-24,RIVN,11.010000228881836,11.010000228881836,11.130000114440918,10.3100004196167,31892100
2024-06-25,RIVN,11.960000038146973,11.960000038146973,12.039999961853027,11.069999694824219,61226700
2024-06-26,RIVN,14.739999771118164,14.739999771118164,16.350000381469727,14.170000076293945,261980400
2024-06-27,RIVN,14.470000267028809,14.470000267028809,14.668000221252441,13.430000305175781,96798100
2024-06-28,RIVN,13.420000076293945,13.420000076293945,15.119999885559082,13.210000038146973,88110300
2024-07-01,RIVN,13.920000076293945,13.920000076293945,14.510000228881836,13.3100004196167,74020600
2024-07-02,RIVN,14.890000343322754,14.890000343322754,15.180000305175781,13.949999809265137,88608900
2024-07-03,RIVN,14.649999618530273,14.649999618530273,15.3100004196167,14.529999732971191,52620500
2024-07-05,RIVN,14.789999961853027,14.789999961853027,14.859999656677246,14.029999732971191,37013100
2024-07-08,RIVN,15.489999771118164,15.489999771118164,15.770000457763672,14.449999809265137,56415300
2024-07-09,RIVN,15.710000038146973,15.710000038146973,16.170000076293945,15.350000381469727,49900600
2024-07-10,RIVN,16.3700008392334,16.3700008392334,16.739999771118164,15.460000038146973,55804600
2024-07-11,RIVN,16.760000228881836,16.760000228881836,17.229999542236328,16.329999923706055,59239100
2024-07-12,RIVN,18.110000610351562,18.110000610351562,18.854999542236328,16.75,97340600
2024-07-15,RIVN,17.5,17.5,17.940000534057617,17.020000457763672,51315400
2024-07-16,RIVN,17.940000534057617,17.940000534057617,18.350000381469727,17.270000457763672,43966200
2024-07-17,RIVN,17.190000534057617,17.190000534057617,18.489999771118164,16.940000534057617,46766400
2024-07-18,RIVN,16.899999618530273,16.899999618530273,17.479999542236328,16.450000762939453,36840900
2024-07-19,RIVN,16.75,16.75,17.024999618530273,16.329999923706055,25909000
2024-07-22,RIVN,17.219999313354492,17.219999313354492,17.44499969482422,16.84000015258789,25562300
2024-07-23,RIVN,17.5,17.5,17.559999465942383,16.549999237060547,23464300
2024-07-24,RIVN,16.270000457763672,16.270000457763672,16.954999923706055,16.049999237060547,38344400
2024-07-25,RIVN,16.25,16.25,16.899999618530273,15.850000381469727,27203600
2024-07-26,RIVN,16.209999084472656,16.209999084472656,16.899999618530273,16.139999389648438,21540000
2024-07-29,RIVN,16.299999237060547,16.299999237060547,16.549999237060547,16.0049991607666,18306700
2024-07-30,RIVN,16.219999313354492,16.219999313354492,16.649999618530273,16.1200008392334,20761400
2024-07-31,RIVN,16.40999984741211,16.40999984741211,17.049999237060547,16.34000015258789,27488600
2024-08-01,RIVN,15.239999771118164,15.239999771118164,16.450000762939453,14.899999618530273,31250800
2024-08-02,RIVN,14.720000267028809,14.720000267028809,15.010000228881836,14.260000228881836,26970000
2024-08-05,RIVN,14.609999656677246,14.609999656677246,15.050000190734863,12.960000038146973,38816900
2024-08-06,RIVN,14.800000190734863,14.800000190734863,15.149999618530273,14.510000228881836,31713700
2024-08-07,RIVN,13.78499984741211,13.78499984741211,14.664999961853027,13.305000305175781,49387400
2024-08-08,RIVN,14.720000267028809,14.720000267028809,15.338000297546387,13.800000190734863,32646800
2024-08-09,RIVN,13.949999809265137,13.949999809265137,14.654999732971191,13.829999923706055,24823900
2024-08-12,RIVN,13.390000343322754,13.390000343322754,14.0,13.350000381469727,25841500
2024-08-13,RIVN,13.539999961853027,13.539999961853027,13.864999771118164,13.404999732971191,24632100
2024-08-14,RIVN,13.25,13.25,13.770000457763672,13.199999809265137,16869600
2024-08-15,RIVN,13.760000228881836,13.760000228881836,14.130000114440918,12.920000076293945,38490900
2024-08-16,RIVN,13.210000038146973,13.210000038146973,13.770000457763672,13.010000228881836,37750200
2024-08-19,RIVN,13.529999732971191,13.529999732971191,13.59000015258789,13.140000343322754,21051300
2024-08-20,RIVN,13.199999809265137,13.199999809265137,13.6899995803833,13.1899995803833,23709800
2024-08-21,RIVN,13.069999694824219,13.069999694824219,13.350000381469727,12.850000381469727,24317300
2024-08-22,RIVN,12.8100004196167,12.8100004196167,13.210000038146973,12.770000457763672,20573300
2024-08-23,RIVN,13.960000038146973,13.960000038146973,14.079999923706055,12.890000343322754,39766900
2024-08-26,RIVN,14.359999656677246,14.359999656677246,14.720000267028809,13.720000267028809,33109800
2024-08-27,RIVN,14.479999542236328,14.479999542236328,14.550000190734863,13.9399995803833,20302300
2024-08-28,RIVN,13.829999923706055,13.829999923706055,14.510000228881836,13.59000015258789,28459100
2024-08-29,RIVN,14.09000015258789,14.09000015258789,14.640000343322754,13.930000305175781,20853200
2024-08-30,RIVN,14.130000114440918,14.130000114440918,14.34000015258789,13.770000457763672,22865400
2024-09-03,RIVN,13.149999618530273,13.149999618530273,13.979999542236328,13.125,21395100
2024-09-04,RIVN,13.279999732971191,13.279999732971191,13.800000190734863,13.010000228881836,18070200
2024-09-05,RIVN,13.739999771118164,13.739999771118164,13.960000038146973,13.279999732971191,20258900
2024-09-06,RIVN,13.229999542236328,13.229999542236328,14.0649995803833,13.079999923706055,25712800
2024-09-09,RIVN,13.079999923706055,13.079999923706055,13.694999694824219,13.010000228881836,21409800
2024-09-10,RIVN,13.229999542236328,13.229999542236328,13.489999771118164,12.8100004196167,24465200
2024-09-11,RIVN,13.930000305175781,13.930000305175781,13.989999771118164,12.960000038146973,27551100
2024-09-12,RIVN,13.720000267028809,13.720000267028809,13.970000267028809,13.510000228881836,16401400
2024-09-13,RIVN,13.5,13.5,14.079999923706055,13.390000343322754,23786600
2024-09-16,RIVN,13.199999809265137,13.199999809265137,13.59000015258789,13.1899995803833,18831300
2024-09-17,RIVN,13.100000381469727,13.100000381469727,13.539999961853027,13.050000190734863,18816800
2024-09-18,RIVN,12.899999618530273,12.899999618530273,13.595000267028809,12.819999694824219,30971200
2024-09-19,RIVN,13.149999618530273,13.149999618530273,13.649999618530273,13.09000015258789,29977400
2024-09-20,RIVN,11.710000038146973,11.710000038146973,13.149999618530273,11.649999618530273,77632800
2024-09-23,RIVN,11.90999984741211,11.90999984741211,12.180000305175781,11.40999984741211,35701000
2024-09-24,RIVN,11.84000015258789,11.84000015258789,12.119999885559082,11.729999542236328,32304400
2024-09-25,RIVN,11.029999732971191,11.029999732971191,11.600000381469727,10.979999542236328,53125000
2024-09-26,RIVN,11.170000076293945,11.170000076293945,11.350000381469727,10.949999809265137,38408200
2024-09-27,RIVN,11.600000381469727,11.600000381469727,11.84000015258789,11.34000015258789,35828100
2024-09-30,RIVN,11.220000267028809,11.220000267028809,11.539999961853027,11.140000343322754,27646300
2024-10-01,RIVN,10.4399995803833,10.4399995803833,11.210000038146973,10.430000305175781,50162000
2024-10-02,RIVN,10.640000343322754,10.640000343322754,10.800000190734863,10.300000190734863,29933000
2024-10-03,RIVN,10.779999732971191,10.779999732971191,10.800000190734863,10.4399995803833,21102700
2024-10-04,RIVN,10.4399995803833,10.4399995803833,10.470000267028809,9.824999809265137,76581600
2024-10-07,RIVN,10.489999771118164,10.489999771118164,10.569999694824219,10.25,29217100
2024-10-08,RIVN,10.470000267028809,10.470000267028809,10.760000228881836,10.329999923706055,22441900
2024-10-09,RIVN,10.420000076293945,10.420000076293945,10.9399995803833,10.369999885559082,35090500
2024-10-10,RIVN,10.260000228881836,10.260000228881836,10.515000343322754,10.180000305175781,24184400
2024-10-11,RIVN,10.5,10.5,10.569999694824219,10.079999923706055,24732700
2024-10-14,RIVN,10.350000381469727,10.350000381469727,10.550000190734863,10.260000228881836,20180400
2024-10-15,RIVN,10.149999618530273,10.149999618530273,10.470000267028809,10.100000381469727,22528400
2024-10-16,RIVN,10.239999771118164,10.239999771118164,10.289999961853027,10.109999656677246,17753000
2024-10-17,RIVN,10.119999885559082,10.119999885559082,10.270000457763672,9.930000305175781,27876200
2024-10-18,RIVN,10.039999961853027,10.039999961853027,10.265000343322754,10.010000228881836,18480900
2024-10-21,RIVN,10.029999732971191,10.029999732971191,10.170000076293945,9.960000038146973,17320000
2024-10-22,RIVN,10.489999771118164,10.489999771118164,10.529999732971191,10.005000114440918,25223600
2024-10-23,RIVN,10.15999984741211,10.15999984741211,10.579999923706055,10.010000228881836,21311300
2024-10-24,RIVN,10.430000305175781,10.430000305175781,10.829999923706055,10.260000228881836,33208400
2024-10-25,RIVN,10.449999809265137,10.449999809265137,10.630000114440918,10.329999923706055,22770900
2024-10-28,RIVN,10.859999656677246,10.859999656677246,11.114999771118164,10.539999961853027,31831700
2024-10-29,RIVN,10.470000267028809,10.470000267028809,10.890000343322754,10.279999732971191,23459900
2024-10-30,RIVN,10.390000343322754,10.390000343322754,10.579999923706055,10.279999732971191,19962400
2024-10-31,RIVN,10.100000381469727,10.100000381469727,10.58899974822998,10.010000228881836,25679400
2024-11-01,RIVN,10.180000305175781,10.180000305175781,10.4399995803833,10.130000114440918,20118900
2024-11-04,RIVN,10.289999961853027,10.289999961853027,10.548999786376953,10.25,20363100
2024-11-05,RIVN,10.59000015258789,10.59000015258789,10.619999885559082,10.170999526977539,18141200
2024-11-06,RIVN,9.710000038146973,9.710000038146973,10.239999771118164,9.5,69491200
2024-11-07,RIVN,10.050000190734863,10.050000190734863,10.239999771118164,9.8100004196167,57094100
2024-11-08,RIVN,10.59000015258789,10.59000015258789,10.720000267028809,9.829999923706055,58725000
2024-11-11,RIVN,11.039999961853027,11.039999961853027,11.25,10.25,46358500
2024-11-12,RIVN,10.579999923706055,10.579999923706055,10.869999885559082,10.5,32265800
2024-11-13,RIVN,12.029999732971191,12.029999732971191,13.100000381469727,11.460000038146973,119810200
2024-11-14,RIVN,10.3100004196167,10.3100004196167,11.989999771118164,10.220000267028809,80485000
2024-11-15,RIVN,10.0600004196167,10.0600004196167,10.069999694824219,9.550000190734863,79212600
2024-11-18,RIVN,10.069999694824219,10.069999694824219,10.720000267028809,9.850000381469727,51529300
2024-11-19,RIVN,10.170000076293945,10.170000076293945,10.317999839782715,9.899999618530273,33654300
2024-11-20,RIVN,10.050000190734863,10.050000190734863,10.470000267028809,9.90999984741211,24955400
2024-11-21,RIVN,10.020000457763672,10.020000457763672,10.390000343322754,9.920000076293945,35472300
2024-11-22,RIVN,10.239999771118164,10.239999771118164,10.569999694824219,10.0,30576400
2024-11-25,RIVN,11.600000381469727,11.600000381469727,11.84000015258789,10.479999542236328,90465300
2024-11-26,RIVN,11.550000190734863,11.550000190734863,12.270000457763672,11.220000267028809,81743600
2024-11-27,RIVN,12.220000267028809,12.220000267028809,12.449999809265137,11.619999885559082,49064100
2024-11-29,RIVN,12.229999542236328,12.229999542236328,12.630000114440918,11.930000305175781,26168000
2024-12-02,RIVN,11.869999885559082,11.869999885559082,12.470000267028809,11.515000343322754,40288500
2024-12-03,RIVN,11.880000114440918,11.880000114440918,12.038999557495117,11.550000190734863,22966500
2024-12-04,RIVN,11.960000038146973,11.960000038146973,12.279999732971191,11.710000038146973,26924900
2024-12-05,RIVN,12.34000015258789,12.34000015258789,12.850000381469727,12.050000190734863,44397900
2024-12-06,RIVN,13.0,13.0,13.520000457763672,12.5,46944500
2024-12-09,RIVN,14.449999809265137,14.449999809265137,14.989999771118164,13.420000076293945,77982900
2024-12-10,RIVN,14.0600004196167,14.0600004196167,14.510000228881836,13.770000457763672,36388500
2024-12-11,RIVN,13.760000228881836,13.760000228881836,14.329999923706055,13.229999542236328,37842800
2024-12-12,RIVN,14.199999809265137,14.199999809265137,14.3100004196167,13.479999542236328,32741800
2024-12-13,RIVN,14.369999885559082,14.369999885559082,14.40999984741211,13.751999855041504,32046000
2024-12-16,RIVN,15.34000015258789,15.34000015258789,15.489999771118164,13.880000114440918,56008800
2024-12-17,RIVN,14.699999809265137,14.699999809265137,15.460000038146973,14.579999923706055,30935800
2024-12-18,RIVN,13.0600004196167,13.0600004196167,14.529999732971191,12.800000190734863,56880100
2024-12-19,RIVN,13.0600004196167,13.0600004196167,13.75,12.800000190734863,38905300
2024-12-20,RIVN,13.829999923706055,13.829999923706055,14.170000076293945,12.729999542236328,41955200
2024-12-23,RIVN,13.75,13.75,14.220000267028809,13.710000038146973,20009800
2024-12-24,RIVN,14.0600004196167,14.0600004196167,14.369999885559082,13.739999771118164,15903800
2024-12-26,RIVN,14.039999961853027,14.039999961853027,14.350000381469727,13.6899995803833,18967300
2024-12-27,RIVN,13.649999618530273,13.649999618530273,14.100000381469727,13.3100004196167,21598000
2024-12-30,RIVN,13.579999923706055,13.579999923706055,13.649999618530273,13.020000457763672,18630100
2024-12-31,RIVN,13.300000190734863,13.300000190734863,14.720000267028809,13.289999961853027,40649100
2025-01-02,RIVN,13.25,13.25,13.789999961853027,12.760000228881836,30449400
2025-01-03,RIVN,16.489999771118164,16.489999771118164,16.649999618530273,13.710000038146973,124581800
2025-01-06,RIVN,15.71500015258789,15.71500015258789,16.639999389648438,15.529999732971191,58377100
2025-01-07,RIVN,14.949999809265137,14.949999809265137,16.344999313354492,14.8100004196167,35938000
2025-01-08,RIVN,14.210000038146973,14.210000038146973,14.760000228881836,13.979999542236328,33065300
2025-01-10,RIVN,13.850000381469727,13.850000381469727,14.154999732971191,13.760000228881836,23209000
2025-01-13,RIVN,13.489999771118164,13.489999771118164,13.630000114440918,13.010000228881836,28042700
2025-01-14,RIVN,13.34000015258789,13.34000015258789,14.119999885559082,13.079999923706055,30031800
2025-01-15,RIVN,13.9399995803833,13.9399995803833,14.210000038146973,13.744999885559082,28674500
2025-01-16,RIVN,14.4399995803833,14.4399995803833,14.65999984741211,13.949999809265137,38996400
2025-01-17,RIVN,14.210000038146973,14.210000038146973,15.34000015258789,14.1899995803833,65184000
2025-01-21,RIVN,13.289999961853027,13.289999961853027,14.0600004196167,12.989999771118164,44540100
2025-01-22,RIVN,12.6899995803833,12.6899995803833,13.140000343322754,12.65999984741211,35488200
2025-01-23,RIVN,12.489999771118164,12.489999771118164,12.770000457763672,12.170000076293945,39181600
2025-01-24,RIVN,12.770000457763672,12.770000457763672,13.1899995803833,12.479999542236328,31519400
2025-01-27,RIVN,12.850000381469727,12.850000381469727,13.5600004196167,12.6899995803833,32343300
2025-01-28,RIVN,12.710000038146973,12.710000038146973,12.890000343322754,12.40999984741211,23184600
2025-01-29,RIVN,12.420000076293945,12.420000076293945,12.609999656677246,12.220000267028809,21378100
2025-01-30,RIVN,12.510000228881836,12.510000228881836,12.8100004196167,12.34000015258789,17914700
2025-01-31,RIVN,12.5600004196167,12.5600004196167,12.989999771118164,12.380000114440918,20333600
2025-02-03,RIVN,12.390000343322754,12.390000343322754,12.555000305175781,11.890000343322754,21909900
2025-02-04,RIVN,12.869999885559082,12.869999885559082,12.979999542236328,12.3100004196167,18953000
2025-02-05,RIVN,12.770000457763672,12.770000457763672,13.074999809265137,12.71500015258789,13827200
2025-02-06,RIVN,12.800000190734863,12.800000190734863,13.220000267028809,12.649999618530273,21519500
2025-02-07,RIVN,12.479999542236328,12.479999542236328,12.861000061035156,12.404999732971191,16701800
2025-02-10,RIVN,12.989999771118164,12.989999771118164,13.09000015258789,12.550000190734863,22456300
2025-02-11,RIVN,12.4399995803833,12.4399995803833,12.9399995803833,12.359999656677246,25126200
2025-02-12,RIVN,12.479999542236328,12.479999542236328,12.729999542236328,12.25,21507200
2025-02-13,RIVN,13.300000190734863,13.300000190734863,13.329999923706055,12.57800006866455,27587500
2025-02-14,RIVN,14.029999732971191,14.029999732971191,14.1899995803833,13.470000267028809,33953000
2025-02-18,RIVN,14.4399995803833,14.4399995803833,14.449999809265137,13.539999961853027,39963200
2025-02-19,RIVN,13.930000305175781,13.930000305175781,14.40999984741211,13.800000190734863,28841200
2025-02-20,RIVN,13.609999656677246,13.609999656677246,14.050000190734863,13.279999732971191,53113600
2025-02-21,RIVN,12.970000267028809,12.970000267028809,13.359999656677246,12.550000190734863,70455100
2025-02-24,RIVN,11.960000038146973,11.960000038146973,12.720000267028809,11.710000038146973,56949900
2025-02-25,RIVN,11.449999809265137,11.449999809265137,12.1850004196167,11.380000114440918,36379100
2025-02-26,RIVN,11.399999618530273,11.399999618530273,12.020000457763672,11.329999923706055,29864400
2025-02-27,RIVN,11.600000381469727,11.600000381469727,12.260000228881836,11.4399995803833,31121300
2025-02-28,RIVN,11.84000015258789,11.84000015258789,12.104999542236328,11.319999694824219,30926800
2025-03-03,RIVN,11.510000228881836,11.510000228881836,12.420000076293945,11.390000343322754,27909700
2025-03-04,RIVN,11.260000228881836,11.260000228881836,11.579999923706055,10.850000381469727,31774700
2025-03-05,RIVN,11.420000076293945,11.420000076293945,11.489999771118164,11.0600004196167,19063300
2025-03-06,RIVN,11.029999732971191,11.029999732971191,11.350000381469727,10.9399995803833,23164800
2025-03-07,RIVN,11.170000076293945,11.170000076293945,11.260000228881836,10.65999984741211,27898100
2025-03-10,RIVN,10.960000038146973,10.960000038146973,11.630000114440918,10.789999961853027,29226300
2025-03-11,RIVN,10.789999961853027,10.789999961853027,11.09000015258789,10.479999542236328,25110900
2025-03-12,RIVN,11.0600004196167,11.0600004196167,11.329999923706055,10.864999771118164,22142000
2025-03-13,RIVN,10.609999656677246,10.609999656677246,11.09000015258789,10.539999961853027,25293800
2025-03-14,RIVN,10.75,10.75,10.805000305175781,10.579999923706055,19902000
2025-03-17,RIVN,11.020000457763672,11.020000457763672,11.145000457763672,10.734999656677246,22395400
2025-03-18,RIVN,11.199999809265137,11.199999809265137,11.734999656677246,10.960000038146973,32767000
2025-03-19,RIVN,11.359999656677246,11.359999656677246,11.6899995803833,11.210000038146973,20744300
2025-03-20,RIVN,10.880000114440918,10.880000114440918,11.180000305175781,10.829999923706055,29439100
2025-03-21,RIVN,11.600000381469727,11.600000381469727,11.619999885559082,10.71500015258789,36684600
2025-03-24,RIVN,12.1899995803833,12.1899995803833,12.260000228881836,11.739999771118164,33462400
2025-03-25,RIVN,12.359999656677246,12.359999656677246,12.369999885559082,11.869999885559082,22158000
2025-03-26,RIVN,12.100000381469727,12.100000381469727,12.664999961853027,11.949999809265137,27753600
2025-03-27,RIVN,13.020000457763672,13.020000457763672,13.300000190734863,12.029999732971191,62257100
2025-03-28,RIVN,12.40999984741211,12.40999984741211,13.039999961853027,12.170000076293945,35943500
2025-03-31,RIVN,12.449999809265137,12.449999809265137,12.59000015258789,11.6850004196167,29697100
2025-04-01,RIVN,13.279999732971191,13.279999732971191,13.489999771118164,12.404999732971191,45477400
2025-04-02,RIVN,12.489999771118164,12.489999771118164,13.0,12.210000038146973,54692600
2025-04-03,RIVN,11.529999732971191,11.529999732971191,12.399999618530273,11.4399995803833,38259500
2025-04-04,RIVN,11.210000038146973,11.210000038146973,11.369999885559082,10.359999656677246,34797900
2025-04-07,RIVN,11.210000038146973,11.210000038146973,11.975000381469727,10.470000267028809,40512200
2025-04-08,RIVN,10.800000190734863,10.800000190734863,12.175000190734863,10.555000305175781,41876000
2025-04-09,RIVN,11.770000457763672,11.770000457763672,11.979999542236328,10.670000076293945,43372900
2025-04-10,RIVN,11.460000038146973,11.460000038146973,11.680000305175781,10.9399995803833,25430700
2025-04-11,RIVN,11.470000267028809,11.470000267028809,11.489999771118164,10.930000305175781,22906900
2025-04-14,RIVN,12.029999732971191,12.029999732971191,12.109999656677246,11.520000457763672,26872000
2025-04-15,RIVN,11.90999984741211,11.90999984741211,12.100000381469727,11.649999618530273,21002700
2025-04-16,RIVN,11.489999771118164,11.489999771118164,12.145000457763672,11.170000076293945,33313100
2025-04-17,RIVN,11.600000381469727,11.600000381469727,11.6899995803833,11.345000267028809,16103300
2025-04-21,RIVN,11.149999618530273,11.149999618530273,11.550000190734863,10.850000381469727,24615700
2025-04-22,RIVN,11.359999656677246,11.359999656677246,11.739999771118164,11.25,23025700
2025-04-23,RIVN,11.800000190734863,11.800000190734863,12.239999771118164,11.770000457763672,27987800
2025-04-24,RIVN,12.09000015258789,12.09000015258789,12.270999908447266,11.710000038146973,19788600
2025-04-25,RIVN,12.619999885559082,12.619999885559082,12.649999618530273,12.020000457763672,24483100
2025-04-28,RIVN,13.1899995803833,13.1899995803833,13.319999694824219,12.75,33541000
2025-04-29,RIVN,13.300000190734863,13.300000190734863,13.350000381469727,12.930000305175781,18419200
2025-04-30,RIVN,13.65999984741211,13.65999984741211,13.8100004196167,12.729999542236328,48760500
2025-05-01,RIVN,13.760000228881836,13.760000228881836,14.15999984741211,13.699999809265137,31917000
2025-05-02,RIVN,13.829999923706055,13.829999923706055,14.050000190734863,13.609999656677246,27224000
2025-05-05,RIVN,13.550000190734863,13.550000190734863,13.75,13.130000114440918,25460100
2025-05-06,RIVN,13.5,13.5,13.725000381469727,13.234000205993652,35961300
2025-05-07,RIVN,12.720000267028809,12.720000267028809,13.819999694824219,12.520000457763672,56926300
2025-05-08,RIVN,13.680000305175781,13.680000305175781,13.970000267028809,12.845000267028809,50103700
2025-05-09,RIVN,14.260000228881836,14.260000228881836,14.6899995803833,13.649999618530273,50580800
2025-05-12,RIVN,14.640000343322754,14.640000343322754,14.979999542236328,14.520000457763672,35622500
2025-05-13,RIVN,14.869999885559082,14.869999885559082,15.149999618530273,14.609999656677246,35004700
2025-05-14,RIVN,14.819999694824219,14.819999694824219,15.029999732971191,14.21500015258789,47996500
2025-05-15,RIVN,15.300000190734863,15.300000190734863,15.5600004196167,14.609999656677246,55059200
2025-05-16,RIVN,15.8100004196167,15.8100004196167,15.829999923706055,15.350000381469727,32231900
2025-05-19,RIVN,16.290000915527344,16.290000915527344,16.43000030517578,15.244999885559082,43922000
2025-05-20,RIVN,16.920000076293945,16.920000076293945,17.149999618530273,16.219999313354492,63759100
2025-05-21,RIVN,16.34000015258789,16.34000015258789,17.079999923706055,16.024999618530273,46878400
2025-05-22,RIVN,15.90999984741211,15.90999984741211,16.350000381469727,15.729999542236328,28115800
2025-05-23,RIVN,15.630000114440918,15.630000114440918,15.869999885559082,15.399999618530273,21795000
2025-05-27,RIVN,15.369999885559082,15.369999885559082,15.979999542236328,14.869999885559082,36961400
2025-05-28,RIVN,15.479999542236328,15.479999542236328,15.800000190734863,15.324999809265137,23048100
2025-05-29,RIVN,15.005000114440918,15.005000114440918,15.6899995803833,14.960000038146973,25175200
2025-05-30,RIVN,14.529999732971191,14.529999732971191,14.979999542236328,14.40999984741211,40113300
2025-06-02,RIVN,14.100000381469727,14.100000381469727,14.5,13.845000267028809,27357400
2025-06-03,RIVN,14.369999885559082,14.369999885559082,14.680000305175781,14.1899995803833,22945600
2025-06-04,RIVN,14.010000228881836,14.010000228881836,14.529999732971191,13.869999885559082,26241100
2025-06-05,RIVN,13.779999732971191,13.779999732971191,14.270000457763672,13.61299991607666,34888200
2025-06-06,RIVN,14.0,14.0,14.135000228881836,13.6899995803833,24451500
2025-06-09,RIVN,14.399999618530273,14.399999618530273,14.550000190734863,13.994999885559082,27172700
2025-06-10,RIVN,14.399999618530273,14.399999618530273,14.734999656677246,14.270000457763672,19586300
2025-06-11,RIVN,14.199999809265137,14.199999809265137,14.800000190734863,14.0649995803833,20827200
2025-06-12,RIVN,13.90999984741211,13.90999984741211,14.130000114440918,13.880000114440918,14829200
2025-06-13,RIVN,13.420000076293945,13.420000076293945,13.739999771118164,13.350000381469727,26990400
2025-06-16,RIVN,13.760000228881836,13.760000228881836,14.140000343322754,13.449999809265137,26498600
2025-06-17,RIVN,13.390000343322754,13.390000343322754,13.6899995803833,13.260000228881836,21409600
2025-06-18,RIVN,13.770000457763672,13.770000457763672,13.90999984741211,13.359999656677246,15930900
2025-06-20,RIVN,13.569999694824219,13.569999694824219,14.029999732971191,13.385000228881836,28260200
2025-06-23,RIVN,13.649999618530273,13.649999618530273,13.930000305175781,13.430000305175781,22204000
2025-06-24,RIVN,13.8100004196167,13.8100004196167,13.979999542236328,13.6899995803833,17736500
2025-06-25,RIVN,13.760000228881836,13.760000228881836,13.90999984741211,13.531999588012695,14584900
2025-06-26,RIVN,13.90999984741211,13.90999984741211,14.140000343322754,13.65999984741211,17763100
2025-06-27,RIVN,13.600000381469727,13.600000381469727,13.951000213623047,13.380000114440918,27501900
2025-06-30,RIVN,13.739999771118164,13.739999771118164,13.824999809265137,13.5600004196167,18768700
2025-07-01,RIVN,13.470000267028809,13.470000267028809,13.550000190734863,12.970000267028809,30282100
2025-07-02,RIVN,12.869999885559082,12.869999885559082,13.329999923706055,12.829999923706055,42320400
2025-07-03,RIVN,13.069999694824219,13.069999694824219,13.454999923706055,12.890000343322754,21513400
2025-07-07,RIVN,12.75,12.75,12.920000076293945,12.444000244140625,34462300
2025-07-08,RIVN,13.130000114440918,13.130000114440918,13.369999885559082,12.779999732971191,28302900
2025-07-09,RIVN,13.199999809265137,13.199999809265137,13.319999694824219,13.0600004196167,16207100
2025-07-10,RIVN,13.319999694824219,13.319999694824219,13.494999885559082,13.194999694824219,20665200
2025-07-11,RIVN,13.029999732971191,13.029999732971191,13.4399995803833,13.0,21163700
2025-07-14,RIVN,12.75,12.75,12.880000114440918,12.550000190734863,28208300
2025-07-15,RIVN,12.630000114440918,12.630000114440918,13.029999732971191,12.619999885559082,27878300
2025-07-16,RIVN,12.390000343322754,12.390000343322754,12.699999809265137,11.960000038146973,41553000
2025-07-17,RIVN,12.899999618530273,12.899999618530273,13.489999771118164,12.6899995803833,52110700
2025-07-18,RIVN,13.699999809265137,13.699999809265137,13.859999656677246,12.800000190734863,48648400
2025-07-21,RIVN,13.699999809265137,13.699999809265137,14.149999618530273,13.619999885559082,35627000
2025-07-22,RIVN,14.119999885559082,14.119999885559082,14.510000228881836,13.619999885559082,45193500
2025-07-23,RIVN,14.020000457763672,14.020000457763672,14.239999771118164,13.770000457763672,38372200
2025-07-24,RIVN,13.819999694824219,13.819999694824219,13.890000343322754,13.40999984741211,39294600
2025-07-25,RIVN,14.010000228881836,14.010000228881836,14.470000267028809,13.800999641418457,51134500
2025-07-28,RIVN,13.779999732971191,13.779999732971191,14.069999694824219,13.710000038146973,22639700
2025-07-29,RIVN,13.0600004196167,13.0600004196167,13.829999923706055,13.055000305175781,38882200
2025-07-30,RIVN,13.029999732971191,13.029999732971191,13.180000305175781,12.850000381469727,37652100
2025-07-31,RIVN,12.869999885559082,12.869999885559082,13.130000114440918,12.800000190734863,37911500
2025-08-01,RIVN,12.380000114440918,12.380000114440918,12.699999809265137,12.3100004196167,42548400
2025-08-04,RIVN,12.40999984741211,12.40999984741211,12.84000015258789,12.350000381469727,45497100
2025-08-05,RIVN,12.149999618530273,12.149999618530273,12.520000457763672,12.062000274658203,67997400
2025-08-06,RIVN,11.640000343322754,11.640000343322754,12.260000228881836,11.569999694824219,67072700
2025-08-07,RIVN,12.069999694824219,12.069999694824219,12.1899995803833,11.71500015258789,33230100
2025-08-08,RIVN,11.789999961853027,11.789999961853027,12.28499984741211,11.779999732971191,31601200
2025-08-11,RIVN,11.930000305175781,11.930000305175781,12.329999923706055,11.829999923706055,40349800
2025-08-12,RIVN,11.970000267028809,11.970000267028809,12.104999542236328,11.579999923706055,33584100
2025-08-13,RIVN,12.279999732971191,12.279999732971191,12.345000267028809,11.904999732971191,25094800
2025-08-14,RIVN,12.0600004196167,12.0600004196167,12.210000038146973,11.789999961853027,38053200
2025-08-15,RIVN,12.239999771118164,12.239999771118164,12.449999809265137,12.010000228881836,51961800
2025-08-18,RIVN,12.40999984741211,12.40999984741211,12.479999542236328,12.069999694824219,38394400
2025-08-19,RIVN,12.25,12.25,12.5,12.069999694824219,48702000
2025-08-20,RIVN,12.069999694824219,12.069999694824219,12.324999809265137,11.880000114440918,45077400
2025-08-21,RIVN,12.119999885559082,12.119999885559082,12.149999618530273,11.84000015258789,42737000
2025-08-22,RIVN,13.09000015258789,13.09000015258789,13.109999656677246,12.15999984741211,64603100
2025-08-25,RIVN,13.109999656677246,13.109999656677246,13.489999771118164,12.90999984741211,46841300
2025-08-26,RIVN,13.210000038146973,13.210000038146973,13.260000228881836,12.84000015258789,53099500
2025-08-27,RIVN,13.220000267028809,13.220000267028809,13.5,13.135000228881836,38969800
2025-08-28,RIVN,13.640000343322754,13.640000343322754,13.65999984741211,13.09000015258789,31625800
2025-08-29,RIVN,13.569999694824219,13.569999694824219,13.885000228881836,13.3100004196167,39634100
2025-09-02,RIVN,13.869999885559082,13.869999885559082,13.949999809265137,12.979999542236328,51257800
2025-09-03,RIVN,14.4399995803833,14.4399995803833,15.029999732971191,13.850000381469727,77654700
2025-09-04,RIVN,13.699999809265137,13.699999809265137,14.369999885559082,13.380000114440918,82734000
2025-09-05,RIVN,14.210000038146973,14.210000038146973,14.569999694824219,13.65999984741211,87135100
2025-09-08,RIVN,13.989999771118164,13.989999771118164,14.324999809265137,13.819999694824219,54560700
2025-09-09,RIVN,13.9399995803833,13.9399995803833,14.199999809265137,13.6850004196167,30599700
2025-09-10,RIVN,13.90999984741211,13.90999984741211,14.270000457763672,13.729999542236328,32445400
2025-09-11,RIVN,13.970000267028809,13.970000267028809,14.630000114440918,13.949999809265137,40471700
2025-09-12,RIVN,13.460000038146973,13.460000038146973,14.039999961853027,12.569999694824219,67199600
2025-09-15,RIVN,13.600000381469727,13.600000381469727,13.770000457763672,13.380000114440918,30818500
2025-09-16,RIVN,14.319999694824219,14.319999694824219,14.649999618530273,13.729999542236328,62422900
2025-09-17,RIVN,14.109999656677246,14.109999656677246,14.630000114440918,13.960000038146973,47865900
2025-09-18,RIVN,14.680000305175781,14.680000305175781,14.9399995803833,14.074000358581543,48669500
2025-09-19,RIVN,14.380000114440918,14.380000114440918,14.770000457763672,14.020000457763672,68671900
2025-09-22,RIVN,15.239999771118164,15.239999771118164,15.430000305175781,14.109999656677246,74244700
2025-09-23,RIVN,15.529999732971191,15.529999732971191,15.699999809265137,14.989999771118164,53832600
2025-09-24,RIVN,15.789999961853027,15.789999961853027,15.949999809265137,15.064000129699707,50644500
2025-09-25,RIVN,15.739999771118164,15.739999771118164,16.049999237060547,15.140000343322754,44793600
2025-09-26,RIVN,15.59000015258789,15.59000015258789,16.170000076293945,15.569999694824219,36800700
2025-09-29,RIVN,15.25,15.25,15.789999961853027,15.0,46005200
2025-09-30,RIVN,14.680000305175781,14.680000305175781,15.510000228881836,14.550000190734863,48572400
2025-10-01,RIVN,14.609999656677246,14.609999656677246,15.0600004196167,14.59000015258789,27345900
2025-10-02,RIVN,13.529999732971191,13.529999732971191,14.149999618530273,13.210000038146973,75952400
2025-10-03,RIVN,13.649999618530273,13.649999618530273,13.729999542236328,13.220000267028809,45879700
2025-10-06,RIVN,13.5,13.5,13.899999618530273,13.460000038146973,29514100
2025-10-07,RIVN,13.260000228881836,13.260000228881836,13.720000267028809,13.229999542236328,31711000
2025-10-08,RIVN,13.130000114440918,13.130000114440918,13.399999618530273,13.050000190734863,26798600
2025-10-09,RIVN,13.09000015258789,13.09000015258789,13.170000076293945,12.859999656677246,27776400
2025-10-10,RIVN,12.800000190734863,12.800000190734863,13.199999809265137,12.670000076293945,25834700
2025-10-13,RIVN,13.0600004196167,13.0600004196167,13.119999885559082,12.800000190734863,21988800
2025-10-14,RIVN,13.119999885559082,13.119999885559082,13.270000457763672,12.609999656677246,25298100
2025-10-15,RIVN,13.40999984741211,13.40999984741211,13.637999534606934,13.1850004196167,36082900
2025-10-16,RIVN,12.90999984741211,12.90999984741211,13.420000076293945,12.8100004196167,28327500
2025-10-17,RIVN,13.029999732971191,13.029999732971191,13.21500015258789,12.869999885559082,24003800
2025-10-20,RIVN,13.079999923706055,13.079999923706055,13.149999618530273,12.65999984741211,35626600
2025-10-21,RIVN,13.199999809265137,13.199999809265137,13.5600004196167,12.899999618530273,27959900
2025-10-22,RIVN,12.920000076293945,12.920000076293945,13.25,12.720000267028809,41848600
2025-10-23,RIVN,13.09000015258789,13.09000015258789,13.1899995803833,12.710000038146973,26000500
2025-10-24,RIVN,12.979999542236328,12.979999542236328,13.270000457763672,12.9350004196167,28316100
2025-10-27,RIVN,13.40999984741211,13.40999984741211,13.664999961853027,12.970000267028809,48280800
2025-10-28,RIVN,13.5,13.5,13.630000114440918,13.210000038146973,41866300
2025-10-29,RIVN,13.710000038146973,13.710000038146973,13.880000114440918,13.449999809265137,34922200
2025-10-30,RIVN,12.989999771118164,12.989999771118164,13.579999923706055,12.989999771118164,39850400
2025-10-31,RIVN,13.569999694824219,13.569999694824219,13.59000015258789,12.895000457763672,44821400
2025-11-03,RIVN,13.1899995803833,13.1899995803833,13.59000015258789,13.154999732971191,38765500
2025-11-04,RIVN,12.5,12.5,12.979999542236328,12.390000343322754,55207800
2025-11-05,RIVN,15.420000076293945,15.420000076293945,15.850000381469727,13.260000228881836,197650600
2025-11-06,RIVN,15.220000267028809,15.220000267028809,15.609999656677246,14.479999542236328,88735300
2025-11-07,RIVN,15.229999542236328,15.229999542236328,15.375,14.25,65782100
2025-11-10,RIVN,16.40999984741211,16.40999984741211,16.75,15.010000228881836,104369900
2025-11-11,RIVN,18.020000457763672,18.020000457763672,18.1299991607666,16.200000762939453,109217400
2025-11-12,RIVN,17.520000457763672,17.520000457763672,17.709999084472656,16.399999618530273,72372100
2025-11-13,RIVN,16.389999389648438,16.389999389648438,17.709999084472656,16.209999084472656,58775100
2025-11-14,RIVN,15.109999656677246,15.109999656677246,15.869999885559082,15.069999694824219,60069200
2025-11-17,RIVN,14.869999885559082,14.869999885559082,15.239999771118164,14.529999732971191,58303200
2025-11-18,RIVN,14.989999771118164,14.989999771118164,15.329999923706055,14.399999618530273,40761500
2025-11-19,RIVN,14.720000267028809,14.720000267028809,14.930000305175781,14.329999923706055,51911000
2025-11-20,RIVN,14.65999984741211,14.65999984741211,15.630000114440918,14.59000015258789,45539400
2025-11-21,RIVN,14.859999656677246,14.859999656677246,15.119999885559082,13.949999809265137,40498600
2025-11-24,RIVN,15.170000076293945,15.170000076293945,15.25,14.680000305175781,42345100
2025-11-25,RIVN,15.5600004196167,15.5600004196167,15.664999961853027,14.895000457763672,30087700
2025-11-26,RIVN,16.18000030517578,16.18000030517578,16.479999542236328,15.506999969482422,35451200
2025-11-28,RIVN,16.860000610351562,16.860000610351562,17.05500030517578,16.260000228881836,18543000
2025-12-01,RIVN,17.15999984741211,17.15999984741211,17.790000915527344,16.511999130249023,43381000
2025-12-02,RIVN,17.229999542236328,17.229999542236328,17.670000076293945,17.040000915527344,34438900
2025-12-03,RIVN,17.530000686645508,17.530000686645508,17.899999618530273,16.899999618530273,31993600
2025-12-04,RIVN,18.059999465942383,18.059999465942383,18.170000076293945,17.3700008392334,39172100
2025-12-05,RIVN,17.950000762939453,17.950000762939453,18.600000381469727,17.90999984741211,40574600
2025-12-08,RIVN,17.610000610351562,17.610000610351562,17.709999084472656,17.040000915527344,41828700
2025-12-09,RIVN,17.709999084472656,17.709999084472656,17.795000076293945,17.3700008392334,21450700
2025-12-10,RIVN,17.5,17.5,18.40999984741211,17.454999923706055,48017200
2025-12-11,RIVN,16.43000030517578,16.43000030517578,17.415000915527344,15.729999542236328,97129800
2025-12-15,RIVN,18.899999618530273,18.899999618530273,19.15999984741211,18.3700008392334,22780919
